tconst,titleType,primaryTitle,originalTitle,isAdult,startYear,endYear,runtimeMinutes,genres
tt0010323,movie,The Cabinet of Dr. Caligari,Das Cabinet des Dr. Caligari,0,1920,\N,76,"Horror,Mystery,Thriller"
tt0012349,movie,The Kid,The Kid,0,1921,\N,68,"Comedy,Drama,Family"
tt0013442,movie,Nosferatu,"Nosferatu, eine Symphonie des Grauens",0,1922,\N,94,"Fantasy,Horror"
tt0015324,movie,Sherlock Jr.,Sherlock Jr.,0,1924,\N,45,"Action,Comedy,Romance"
tt0015864,movie,The Gold Rush,The Gold Rush,0,1925,\N,95,"Adventure,Comedy,Drama"
tt0017136,movie,Metropolis,Metropolis,0,1927,\N,153,"Drama,Sci-Fi"
tt0017925,movie,The General,The General,0,1926,\N,78,"Action,Adventure,Comedy"
tt0018455,movie,Sunrise,Sunrise: A Song of Two Humans,0,1927,\N,94,"Drama,Romance"
tt0018773,movie,The Circus,The Circus,0,1928,\N,72,"Comedy,Family,Romance"
tt0019254,movie,The Passion of Joan of Arc,La passion de Jeanne d'Arc,0,1928,\N,110,"Biography,Drama,History"
tt0020629,movie,All Quiet on the Western Front,All Quiet on the Western Front,0,1930,\N,152,"Drama,War"
tt0021749,movie,City Lights,City Lights,0,1931,\N,87,"Comedy,Drama,Romance"
tt0022100,movie,M,M - Eine Stadt sucht einen Mörder,0,1931,\N,117,"Crime,Mystery,Thriller"
tt0025316,movie,It Happened One Night,It Happened One Night,0,1934,\N,105,"Comedy,Romance"
tt0027977,movie,Modern Times,Modern Times,0,1936,\N,87,"Comedy,Drama,Romance"
tt0028950,movie,The Grand Illusion,La grande illusion,0,1937,\N,113,"Drama,War"
tt0031381,movie,Gone with the Wind,Gone with the Wind,0,1939,\N,238,"Drama,Romance,War"
tt0031679,movie,Mr. Smith Goes to Washington,Mr. Smith Goes to Washington,0,1939,\N,129,"Comedy,Drama"
tt0032138,movie,The Wizard of Oz,The Wizard of Oz,0,1939,\N,102,"Adventure,Family,Fantasy"
tt0032551,movie,The Grapes of Wrath,The Grapes of Wrath,0,1940,\N,129,Drama
tt0032553,movie,The Great Dictator,The Great Dictator,0,1940,\N,125,"Comedy,Drama,War"
tt0032976,movie,Rebecca,Rebecca,0,1940,\N,130,"Drama,Film-Noir,Mystery"
tt0033045,movie,The Shop Around the Corner,The Shop Around the Corner,0,1940,\N,99,"Comedy,Drama,Romance"
tt0033467,movie,Citizen Kane,Citizen Kane,0,1941,\N,119,"Drama,Mystery"
tt0033870,movie,The Maltese Falcon,The Maltese Falcon,0,1941,\N,100,"Crime,Film-Noir,Mystery"
tt0034583,movie,Casablanca,Casablanca,0,1942,\N,102,"Drama,Romance,War"
tt0035446,movie,To Be or Not to Be,To Be or Not to Be,0,1942,\N,99,"Comedy,Romance,War"
tt0036775,movie,Double Indemnity,Double Indemnity,0,1944,\N,107,"Crime,Drama,Film-Noir"
tt0036868,movie,The Best Years of Our Lives,The Best Years of Our Lives,0,1946,\N,170,"Drama,Romance,War"
tt0037558,movie,Brief Encounter,Brief Encounter,0,1945,\N,86,"Drama,Romance"
tt0038650,movie,It's a Wonderful Life,It's a Wonderful Life,0,1946,\N,130,"Drama,Family,Fantasy"
tt0038890,movie,"Rome, Open City",Roma città aperta,0,1945,\N,103,"Drama,Thriller,War"
tt0039689,movie,Out of the Past,Out of the Past,0,1947,\N,97,"Crime,Drama,Film-Noir"
tt0040522,movie,Bicycle Thieves,Ladri di biciclette,0,1948,\N,89,Drama
tt0040725,movie,The Red Shoes,The Red Shoes,0,1948,\N,135,"Drama,Music,Romance"
tt0040897,movie,The Treasure of the Sierra Madre,The Treasure of the Sierra Madre,0,1948,\N,126,"Adventure,Drama,Western"
tt0041546,movie,Kind Hearts and Coronets,Kind Hearts and Coronets,0,1949,\N,106,"Comedy,Crime"
tt0041959,movie,The Third Man,The Third Man,0,1949,\N,104,"Film-Noir,Mystery,Thriller"
tt0042041,movie,White Heat,White Heat,0,1949,\N,114,"Action,Crime,Drama"
tt0042192,movie,All About Eve,All About Eve,0,1950,\N,138,Drama
tt0042876,movie,Rashomon,Rashômon,0,1950,\N,88,"Crime,Drama,Mystery"
tt0043014,movie,Sunset Blvd.,Sunset Blvd.,0,1950,\N,110,"Drama,Film-Noir"
tt0043338,movie,Ace in the Hole,Ace in the Hole,0,1951,\N,111,"Drama,Film-Noir"
tt0044706,movie,High Noon,High Noon,0,1952,\N,85,"Drama,Thriller,Western"
tt0044741,movie,Ikiru,Ikiru,0,1952,\N,143,Drama
tt0045152,movie,Singin' in the Rain,Singin' in the Rain,0,1952,\N,103,"Comedy,Musical,Romance"
tt0045274,movie,Umberto D.,Umberto D.,0,1952,\N,89,Drama
tt0046250,movie,Roman Holiday,Roman Holiday,0,1953,\N,118,"Comedy,Romance"
tt0046268,movie,The Wages of Fear,Le salaire de la peur,0,1953,\N,131,"Adventure,Drama,Thriller"
tt0046359,movie,Stalag 17,Stalag 17,0,1953,\N,120,"Comedy,Drama,War"
tt0046438,movie,Tokyo Story,Tôkyô monogatari,0,1953,\N,136,Drama
tt0046911,movie,Diabolique,Les diaboliques,0,1955,\N,117,"Crime,Drama,Horror"
tt0046912,movie,Dial M for Murder,Dial M for Murder,0,1954,\N,105,"Crime,Thriller"
tt0047296,movie,On the Waterfront,On the Waterfront,0,1954,\N,108,"Crime,Drama,Thriller"
tt0047396,movie,Rear Window,Rear Window,0,1954,\N,112,"Mystery,Thriller"
tt0047478,movie,Seven Samurai,Shichinin no samurai,0,1954,\N,207,"Action,Drama"
tt0047528,movie,La strada,La strada,0,1954,\N,108,Drama
tt0048021,movie,Rififi,Du rififi chez les hommes,0,1955,\N,118,"Crime,Drama,Thriller"
tt0048424,movie,The Night of the Hunter,The Night of the Hunter,0,1955,\N,92,"Crime,Drama,Film-Noir"
tt0048473,movie,Pather Panchali,Pather Panchali,0,1955,\N,125,Drama
tt0050083,movie,12 Angry Men,12 Angry Men,0,1957,\N,96,"Crime,Drama"
tt0050212,movie,The Bridge on the River Kwai,The Bridge on the River Kwai,0,1957,\N,161,"Adventure,Drama,War"
tt0050613,movie,Throne of Blood,Kumonosu-jô,0,1957,\N,110,Drama
tt0050783,movie,Nights of Cabiria,Le notti di Cabiria,0,1957,\N,110,Drama
tt0050825,movie,Paths of Glory,Paths of Glory,0,1957,\N,88,"Drama,War"
tt0050976,movie,The Seventh Seal,Det sjunde inseglet,0,1957,\N,96,"Drama,Fantasy"
tt0050986,movie,Wild Strawberries,Smultronstället,0,1957,\N,91,"Drama,Romance"
tt0051036,movie,Sweet Smell of Success,Sweet Smell of Success,0,1957,\N,96,"Drama,Film-Noir"
tt0051201,movie,Witness for the Prosecution,Witness for the Prosecution,0,1957,\N,116,"Crime,Drama,Mystery"
tt0051808,movie,The Hidden Fortress,Kakushi-toride no san-akunin,0,1958,\N,139,"Action,Adventure,Drama"
tt0052311,movie,Touch of Evil,Touch of Evil,0,1958,\N,95,"Crime,Drama,Film-Noir"
tt0052357,movie,Vertigo,Vertigo,0,1958,\N,128,"Mystery,Romance,Thriller"
tt0052561,movie,Anatomy of a Murder,Anatomy of a Murder,0,1959,\N,161,"Drama,Mystery"
tt0052618,movie,Ben-Hur,Ben-Hur,0,1959,\N,212,"Adventure,Drama"
tt0053125,movie,North by Northwest,North by Northwest,0,1959,\N,136,"Action,Adventure,Mystery"
tt0053198,movie,The 400 Blows,Les quatre cents coups,0,1959,\N,99,"Crime,Drama"
tt0053221,movie,Rio Bravo,Rio Bravo,0,1959,\N,141,"Drama,Western"
tt0053291,movie,Some Like It Hot,Some Like It Hot,0,1959,\N,121,"Comedy,Music,Romance"
tt0053604,movie,The Apartment,The Apartment,0,1960,\N,125,"Comedy,Drama,Romance"
tt0053779,movie,La Dolce Vita,La dolce vita,0,1960,\N,174,"Comedy,Drama"
tt0053946,movie,Inherit the Wind,Inherit the Wind,0,1960,\N,128,"Biography,Drama,History"
tt0053976,movie,The Virgin Spring,Jungfrukällan,0,1960,\N,89,Drama
tt0054215,movie,Psycho,Psycho,0,1960,\N,109,"Horror,Mystery,Thriller"
tt0054997,movie,The Hustler,The Hustler,0,1961,\N,134,"Drama,Sport"
tt0055031,movie,Judgment at Nuremberg,Judgment at Nuremberg,0,1961,\N,179,"Drama,War"
tt0055601,movie,Viridiana,Viridiana,0,1961,\N,91,Drama
tt0055630,movie,Yojimbo,Yôjinbô,0,1961,\N,110,"Action,Drama,Thriller"
tt0056058,movie,Harakiri,Seppuku,0,1962,\N,133,"Action,Drama,Mystery"
tt0056111,movie,Ivan's Childhood,Ivanovo detstvo,0,1962,\N,95,"Drama,War"
tt0056172,movie,Lawrence of Arabia,Lawrence of Arabia,0,1962,\N,218,"Adventure,Biography,Drama"
tt0056217,movie,The Man Who Shot Liberty Valance,The Man Who Shot Liberty Valance,0,1962,\N,123,"Drama,Western"
tt0056443,movie,Sanjuro,Tsubaki Sanjûrô,0,1962,\N,96,"Action,Drama,Thriller"
tt0056592,movie,To Kill a Mockingbird,To Kill a Mockingbird,0,1962,\N,129,"Crime,Drama"
tt0056687,movie,What Ever Happened to Baby Jane?,What Ever Happened to Baby Jane?,0,1962,\N,134,"Drama,Horror,Thriller"
tt0056732,movie,The Exterminating Angel,El ángel exterminador,0,1962,\N,95,"Drama,Fantasy"
tt0056801,movie,8½,8½,0,1963,\N,138,Drama
tt0057012,movie,Dr. Strangelove or: How I Learned to Stop Worrying and Love the Bomb,Dr. Strangelove or: How I Learned to Stop Worrying and Love the Bomb,0,1964,\N,95,"Comedy,War"
tt0057115,movie,The Great Escape,The Great Escape,0,1963,\N,172,"Adventure,Drama,History"
tt0057358,movie,Winter Light,Nattvardsgästerna,0,1963,\N,81,Drama
tt0057565,movie,High and Low,Tengoku to jigoku,0,1963,\N,143,"Crime,Drama,Mystery"
tt0058946,movie,The Battle of Algiers,La battaglia di Algeri,0,1966,\N,121,"Drama,War"
tt0059578,movie,For a Few Dollars More,Per qualche dollaro in più,0,1965,\N,132,"Drama,Western"
tt0059742,movie,The Sound of Music,The Sound of Music,0,1965,\N,172,"Biography,Drama,Family"
tt0060107,movie,Andrei Rublev,Andrey Rublyov,0,1966,\N,205,"Biography,Drama,History"
tt0060196,movie,"The Good, the Bad and the Ugly","Il buono, il brutto, il cattivo",0,1966,\N,161,"Adventure,Western"
tt0060827,movie,Persona,Persona,0,1966,\N,85,"Drama,Thriller"
tt0061184,movie,Who's Afraid of Virginia Woolf?,Who's Afraid of Virginia Woolf?,0,1966,\N,131,Drama
tt0061512,movie,Cool Hand Luke,Cool Hand Luke,0,1967,\N,127,"Crime,Drama"
tt0061722,movie,The Graduate,The Graduate,0,1967,\N,106,"Comedy,Drama,Romance"
tt0062229,movie,Le Samouraï,Le Samouraï,0,1967,\N,105,"Crime,Drama,Thriller"
tt0062622,movie,2001: A Space Odyssey,2001: A Space Odyssey,0,1968,\N,149,"Adventure,Sci-Fi"
tt0063442,movie,Planet of the Apes,Planet of the Apes,0,1968,\N,112,"Adventure,Sci-Fi"
tt0063522,movie,Rosemary's Baby,Rosemary's Baby,0,1968,\N,137,"Drama,Horror"
tt0064115,movie,Butch Cassidy and the Sundance Kid,Butch Cassidy and the Sundance Kid,0,1969,\N,110,"Biography,Crime,Drama"
tt0064116,movie,Once Upon a Time in the West,C'era una volta il West,0,1968,\N,166,Western
tt0065234,movie,Z,Z,0,1969,\N,127,"Crime,Drama,Thriller"
tt0066763,movie,Anand,Anand,0,1971,\N,122,"Drama,Musical"
tt0066921,movie,A Clockwork Orange,A Clockwork Orange,0,1971,\N,136,"Crime,Sci-Fi"
tt0067093,movie,Fiddler on the Roof,Fiddler on the Roof,0,1971,\N,181,"Drama,Family,Musical"
tt0067328,movie,The Last Picture Show,The Last Picture Show,0,1971,\N,118,"Drama,Romance"
tt0068646,movie,The Godfather,The Godfather,0,1972,\N,175,"Crime,Drama"
tt0069281,movie,Sleuth,Sleuth,0,1972,\N,138,"Mystery,Thriller"
tt0069293,movie,Solaris,Solyaris,0,1972,\N,167,"Drama,Mystery,Sci-Fi"
tt0069467,movie,Cries & Whispers,Viskningar och rop,0,1972,\N,91,Drama
tt0070047,movie,The Exorcist,The Exorcist,0,1973,\N,122,Horror
tt0070510,movie,Paper Moon,Paper Moon,0,1973,\N,102,"Comedy,Crime,Drama"
tt0070511,movie,Papillon,Papillon,0,1973,\N,151,"Biography,Crime,Drama"
tt0070735,movie,The Sting,The Sting,0,1973,\N,129,"Comedy,Crime,Drama"
tt0071315,movie,Chinatown,Chinatown,0,1974,\N,130,"Drama,Mystery,Thriller"
tt0071411,movie,Dersu Uzala,Dersu Uzala,0,1975,\N,142,"Adventure,Biography,Drama"
tt0071562,movie,The Godfather Part II,The Godfather Part II,0,1974,\N,202,"Crime,Drama"
tt0071853,movie,Monty Python and the Holy Grail,Monty Python and the Holy Grail,0,1975,\N,91,"Adventure,Comedy,Fantasy"
tt0072417,movie,A Woman Under the Influence,A Woman Under the Influence,0,1974,\N,155,"Drama,Romance"
tt0072431,movie,Young Frankenstein,Young Frankenstein,0,1974,\N,106,Comedy
tt0072443,movie,Mirror,Zerkalo,0,1975,\N,107,"Biography,Drama"
tt0072684,movie,Barry Lyndon,Barry Lyndon,0,1975,\N,185,"Adventure,Drama,War"
tt0072890,movie,Dog Day Afternoon,Dog Day Afternoon,0,1975,\N,125,"Biography,Crime,Drama"
tt0073195,movie,Jaws,Jaws,0,1975,\N,124,"Adventure,Mystery,Thriller"
tt0073486,movie,One Flew Over the Cuckoo's Nest,One Flew Over the Cuckoo's Nest,0,1975,\N,133,Drama
tt0073707,movie,Sholay,Sholay,0,1975,\N,204,"Action,Adventure,Comedy"
tt0074896,movie,The Message,The Message,0,1976,\N,177,"Biography,Drama,History"
tt0074958,movie,Network,Network,0,1976,\N,121,Drama
tt0075148,movie,Rocky,Rocky,0,1976,\N,120,"Drama,Sport"
tt0075314,movie,Taxi Driver,Taxi Driver,0,1976,\N,114,"Crime,Drama"
tt0075686,movie,Annie Hall,Annie Hall,0,1977,\N,93,"Comedy,Romance"
tt0076759,movie,Star Wars: Episode IV - A New Hope,Star Wars,0,1977,\N,121,"Action,Adventure,Fantasy"
tt0077416,movie,The Deer Hunter,The Deer Hunter,0,1978,\N,183,"Drama,War"
tt0077711,movie,Autumn Sonata,Höstsonaten,0,1978,\N,99,"Drama,Music"
tt0078748,movie,Alien,Alien,0,1979,\N,117,"Horror,Sci-Fi"
tt0078788,movie,Apocalypse Now,Apocalypse Now,0,1979,\N,147,"Drama,Mystery,War"
tt0079470,movie,Life of Brian,Life of Brian,0,1979,\N,94,Comedy
tt0079944,movie,Stalker,Stalker,0,1979,\N,162,"Drama,Sci-Fi"
tt0080455,movie,The Blues Brothers,The Blues Brothers,0,1980,\N,133,"Action,Adventure,Comedy"
tt0080678,movie,The Elephant Man,The Elephant Man,0,1980,\N,124,"Biography,Drama"
tt0080684,movie,Star Wars: Episode V - The Empire Strikes Back,Star Wars: Episode V - The Empire Strikes Back,0,1980,\N,124,"Action,Adventure,Fantasy"
tt0081398,movie,Raging Bull,Raging Bull,0,1980,\N,129,"Biography,Drama,Sport"
tt0081505,movie,The Shining,The Shining,0,1980,\N,146,"Drama,Horror"
tt0082096,movie,Das Boot,Das Boot,0,1981,\N,149,"Drama,War"
tt0082971,movie,Raiders of the Lost Ark,Raiders of the Lost Ark,0,1981,\N,115,"Action,Adventure"
tt0083658,movie,Blade Runner,Blade Runner,0,1982,\N,117,"Action,Drama,Sci-Fi"
tt0083866,movie,E.T. the Extra-Terrestrial,E.T. the Extra-Terrestrial,0,1982,\N,115,"Adventure,Family,Sci-Fi"
tt0083922,movie,Fanny and Alexander,Fanny och Alexander,0,1982,\N,188,Drama
tt0083946,movie,Fitzcarraldo,Fitzcarraldo,0,1982,\N,158,"Adventure,Drama"
tt0083987,movie,Gandhi,Gandhi,0,1982,\N,191,"Biography,Drama,History"
tt0084503,movie,Pink Floyd: The Wall,Pink Floyd: The Wall,0,1982,\N,95,"Drama,Fantasy,Music"
tt0084787,movie,The Thing,The Thing,0,1982,\N,109,"Horror,Mystery,Sci-Fi"
tt0086190,movie,Star Wars: Episode VI - Return of the Jedi,Star Wars: Episode VI - Return of the Jedi,0,1983,\N,131,"Action,Adventure,Fantasy"
tt0086250,movie,Scarface,Scarface,0,1983,\N,170,"Crime,Drama"
tt0086879,movie,Amadeus,Amadeus,0,1984,\N,160,"Biography,Drama,Music"
tt0087544,movie,Nausicaä of the Valley of the Wind,Kaze no tani no Naushika,0,1984,\N,117,"Adventure,Animation,Sci-Fi"
tt0087843,movie,Once Upon a Time in America,Once Upon a Time in America,0,1984,\N,229,"Crime,Drama"
tt0087884,movie,"Paris, Texas","Paris, Texas",0,1984,\N,145,Drama
tt0088247,movie,The Terminator,The Terminator,0,1984,\N,107,"Action,Sci-Fi"
tt0088763,movie,Back to the Future,Back to the Future,0,1985,\N,116,"Adventure,Comedy,Sci-Fi"
tt0089881,movie,Ran,Ran,0,1985,\N,160,"Action,Drama,War"
tt0090605,movie,Aliens,Aliens,0,1986,\N,137,"Action,Adventure,Sci-Fi"
tt0091251,movie,Come and See,Idi i smotri,0,1985,\N,142,"Drama,Thriller,War"
tt0091288,movie,Jean de Florette,Jean de Florette,0,1986,\N,120,"Comedy,Drama"
tt0091763,movie,Platoon,Platoon,0,1986,\N,120,"Drama,War"
tt0092005,movie,Stand by Me,Stand by Me,0,1986,\N,89,"Adventure,Comedy,Drama"
tt0092067,movie,Castle in the Sky,Tenkuu no Shiro Laputa,0,1986,\N,125,"Adventure,Animation,Family"
tt0092593,movie,"Goodbye, Children",Au revoir les enfants,0,1987,\N,104,"Drama,War"
tt0093058,movie,Full Metal Jacket,Full Metal Jacket,0,1987,\N,116,"Drama,War"
tt0093779,movie,The Princess Bride,The Princess Bride,0,1987,\N,98,"Adventure,Comedy,Family"
tt0094625,movie,Akira,Akira,0,1988,\N,124,"Action,Animation,Drama"
tt0095016,movie,Die Hard,Die Hard,0,1988,\N,132,"Action,Thriller"
tt0095327,movie,Grave of the Fireflies,Hotaru no haka,0,1988,\N,89,"Animation,Drama,War"
tt0095765,movie,Cinema Paradiso,Nuovo Cinema Paradiso,0,1988,\N,155,"Drama,Romance"
tt0095953,movie,Rain Man,Rain Man,0,1988,\N,133,Drama
tt0096283,movie,My Neighbor Totoro,Tonari no Totoro,0,1988,\N,86,"Animation,Comedy,Family"
tt0097165,movie,Dead Poets Society,Dead Poets Society,0,1989,\N,128,"Comedy,Drama"
tt0097216,movie,Do the Right Thing,Do the Right Thing,0,1989,\N,120,"Comedy,Drama"
tt0097223,movie,Time of the Gypsies,Dom za vesanje,0,1988,\N,142,"Comedy,Crime,Drama"
tt0097576,movie,Indiana Jones and the Last Crusade,Indiana Jones and the Last Crusade,0,1989,\N,127,"Action,Adventure"
tt0099348,movie,Dances with Wolves,Dances with Wolves,0,1990,\N,181,"Adventure,Drama,Western"
tt0099487,movie,Edward Scissorhands,Edward Scissorhands,0,1990,\N,105,"Drama,Fantasy,Romance"
tt0099685,movie,Goodfellas,Goodfellas,0,1990,\N,145,"Biography,Crime,Drama"
tt0101414,movie,Beauty and the Beast,Beauty and the Beast,0,1991,\N,84,"Animation,Family,Fantasy"
tt0101640,movie,Raise the Red Lantern,Da hong denglong gaogao gua,0,1991,\N,125,"Drama,Romance"
tt0102138,movie,JFK,JFK,0,1991,\N,189,"Drama,History,Thriller"
tt0102926,movie,The Silence of the Lambs,The Silence of the Lambs,0,1991,\N,118,"Crime,Drama,Thriller"
tt0103064,movie,Terminator 2: Judgment Day,Terminator 2: Judgment Day,0,1991,\N,137,"Action,Sci-Fi"
tt0103639,movie,Aladdin,Aladdin,0,1992,\N,90,"Adventure,Animation,Comedy"
tt0105236,movie,Reservoir Dogs,Reservoir Dogs,0,1992,\N,99,"Crime,Thriller"
tt0105323,movie,Scent of a Woman,Scent of a Woman,0,1992,\N,156,Drama
tt0105695,movie,Unforgiven,Unforgiven,0,1992,\N,130,"Drama,Western"
tt0106332,movie,Farewell My Concubine,Ba wang bie ji,0,1992,\N,171,"Drama,Music,Romance"
tt0107048,movie,Groundhog Day,Groundhog Day,0,1993,\N,101,"Comedy,Drama,Fantasy"
tt0107207,movie,In the Name of the Father,In the Name of the Father,0,1993,\N,133,"Biography,Crime,Drama"
tt0107290,movie,Jurassic Park,Jurassic Park,0,1993,\N,127,"Action,Adventure,Sci-Fi"
tt0107688,movie,The Nightmare Before Christmas,The Nightmare Before Christmas,0,1993,\N,76,"Animation,Family,Fantasy"
tt0108052,movie,Schindler's List,Schindler's List,0,1993,\N,195,"Biography,Drama,History"
tt0108399,movie,True Romance,True Romance,0,1993,\N,119,"Crime,Drama,Romance"
tt0109117,movie,Andaz Apna Apna,Andaz Apna Apna,0,1994,\N,160,"Action,Comedy,Romance"
tt0109424,movie,Chungking Express,Chung Hing sam lam,0,1994,\N,102,"Comedy,Crime,Drama"
tt0109830,movie,Forrest Gump,Forrest Gump,0,1994,\N,142,"Drama,Romance"
tt0110357,movie,The Lion King,The Lion King,0,1994,\N,88,"Adventure,Animation,Drama"
tt0110413,movie,Léon: The Professional,Léon,0,1994,\N,110,"Action,Crime,Drama"
tt0110912,movie,Pulp Fiction,Pulp Fiction,0,1994,\N,154,"Crime,Drama"
tt0111161,movie,The Shawshank Redemption,The Shawshank Redemption,0,1994,\N,142,Drama
tt0111495,movie,Three Colors: Red,Trois couleurs: Rouge,0,1994,\N,99,"Drama,Mystery,Romance"
tt0112471,movie,Before Sunrise,Before Sunrise,0,1995,\N,101,"Drama,Romance"
tt0112573,movie,Braveheart,Braveheart,0,1995,\N,178,"Biography,Drama,History"
tt0112641,movie,Casino,Casino,0,1995,\N,178,"Crime,Drama"
tt0112870,movie,Dilwale Dulhania Le Jayenge,Dilwale Dulhania Le Jayenge,0,1995,\N,189,"Drama,Romance"
tt0113247,movie,La haine,La haine,0,1995,\N,98,"Crime,Drama"
tt0113277,movie,Heat,Heat,0,1995,\N,170,"Action,Crime,Drama"
tt0114369,movie,Se7en,Se7en,0,1995,\N,127,"Crime,Drama,Mystery"
tt0114709,movie,Toy Story,Toy Story,0,1995,\N,81,"Adventure,Animation,Comedy"
tt0114746,movie,12 Monkeys,Twelve Monkeys,0,1995,\N,129,"Mystery,Sci-Fi,Thriller"
tt0114787,movie,Underground,Underground,0,1995,\N,170,"Comedy,Drama,Fantasy"
tt0114814,movie,The Usual Suspects,The Usual Suspects,0,1995,\N,106,"Crime,Drama,Mystery"
tt0116231,movie,The Bandit,Eskiya,0,1996,\N,128,"Crime,Drama,Thriller"
tt0116282,movie,Fargo,Fargo,0,1996,\N,98,"Crime,Thriller"
tt0117589,movie,Secrets & Lies,Secrets & Lies,0,1996,\N,136,"Comedy,Drama"
tt0117666,movie,Sling Blade,Sling Blade,0,1996,\N,135,Drama
tt0117951,movie,Trainspotting,Trainspotting,0,1996,\N,93,Drama
tt0118694,movie,In the Mood for Love,Fa yeung nin wah,0,2000,\N,98,"Drama,Romance"
tt0118715,movie,The Big Lebowski,The Big Lebowski,0,1998,\N,117,"Comedy,Crime"
tt0118749,movie,Boogie Nights,Boogie Nights,0,1997,\N,155,Drama
tt0118799,movie,Life Is Beautiful,La vita è bella,0,1997,\N,116,"Comedy,Drama,Romance"
tt0118843,movie,"Black Cat, White Cat","Crna macka, beli macor",0,1998,\N,127,"Comedy,Crime,Romance"
tt0118849,movie,Children of Heaven,Bacheha-Ye aseman,0,1997,\N,89,"Drama,Family,Sport"
tt0119217,movie,Good Will Hunting,Good Will Hunting,0,1997,\N,126,"Drama,Romance"
tt0119488,movie,L.A. Confidential,L.A. Confidential,0,1997,\N,138,"Crime,Drama,Mystery"
tt0119698,movie,Princess Mononoke,Mononoke-hime,0,1997,\N,134,"Action,Adventure,Animation"
tt0120338,movie,Titanic,Titanic,0,1997,\N,194,"Drama,Romance"
tt0120382,movie,The Truman Show,The Truman Show,0,1998,\N,103,"Comedy,Drama"
tt0120586,movie,American History X,American History X,0,1998,\N,119,"Crime,Drama"
tt0120689,movie,The Green Mile,The Green Mile,0,1999,\N,189,"Crime,Drama,Fantasy"
tt0120731,movie,The Legend of 1900,La leggenda del pianista sull'oceano,0,1998,\N,169,"Drama,Music,Romance"
tt0120735,movie,"Lock, Stock and Two Smoking Barrels","Lock, Stock and Two Smoking Barrels",0,1998,\N,107,"Action,Comedy,Crime"
tt0120737,movie,The Lord of the Rings: The Fellowship of the Ring,The Lord of the Rings: The Fellowship of the Ring,0,2001,\N,178,"Action,Adventure,Drama"
tt0120815,movie,Saving Private Ryan,Saving Private Ryan,0,1998,\N,169,"Drama,War"
tt0126029,movie,Shrek,Shrek,0,2001,\N,90,"Adventure,Animation,Comedy"
tt0129167,movie,The Iron Giant,The Iron Giant,0,1999,\N,86,"Action,Adventure,Animation"
tt0133093,movie,The Matrix,The Matrix,0,1999,\N,136,"Action,Sci-Fi"
tt0137523,movie,Fight Club,Fight Club,0,1999,\N,139,Drama
tt0140888,movie,Central Station,Central do Brasil,0,1998,\N,110,Drama
tt0154420,movie,The Celebration,Festen,0,1998,\N,105,Drama
tt0156887,movie,Perfect Blue,Pâfekuto burû,0,1997,\N,81,"Animation,Crime,Drama"
tt0166896,movie,The Straight Story,The Straight Story,0,1999,\N,112,"Biography,Drama"
tt0166924,movie,Mulholland Drive,Mulholland Dr.,0,2001,\N,147,"Drama,Mystery,Thriller"
tt0167260,movie,The Lord of the Rings: The Return of the King,The Lord of the Rings: The Return of the King,0,2003,\N,201,"Action,Adventure,Drama"
tt0167261,movie,The Lord of the Rings: The Two Towers,The Lord of the Rings: The Two Towers,0,2002,\N,179,"Action,Adventure,Drama"
tt0167404,movie,The Sixth Sense,The Sixth Sense,0,1999,\N,107,"Drama,Mystery,Thriller"
tt0169102,movie,Lagaan: Once Upon a Time in India,Lagaan: Once Upon a Time in India,0,2001,\N,224,"Drama,Musical,Sport"
tt0169547,movie,American Beauty,American Beauty,0,1999,\N,122,Drama
tt0169858,movie,Neon Genesis Evangelion: The End of Evangelion,"Shin seiki Evangelion Gekijô-ban: Air/Magokoro wo, kimi ni",0,1997,\N,87,"Action,Animation,Drama"
tt0172495,movie,Gladiator,Gladiator,0,2000,\N,155,"Action,Adventure,Drama"
tt0175880,movie,Magnolia,Magnolia,0,1999,\N,188,Drama
tt0180093,movie,Requiem for a Dream,Requiem for a Dream,0,2000,\N,102,Drama
tt0181875,movie,Almost Famous,Almost Famous,0,2000,\N,122,"Adventure,Comedy,Drama"
tt0198781,movie,"Monsters, Inc.","Monsters, Inc.",0,2001,\N,92,"Adventure,Animation,Comedy"
tt0200087,movie,Sarfarosh,Sarfarosh,0,1999,\N,174,"Action,Crime,Drama"
tt0206634,movie,Children of Men,Children of Men,0,2006,\N,109,"Action,Drama,Sci-Fi"
tt0208092,movie,Snatch,Snatch,0,2000,\N,104,"Comedy,Crime"
tt0209144,movie,Memento,Memento,0,2000,\N,113,"Mystery,Thriller"
tt0211915,movie,Amélie,Le fabuleux destin d'Amélie Poulain,0,2001,\N,122,"Comedy,Romance"
tt0242519,movie,Hera Pheri,Hera Pheri,0,2000,\N,156,"Action,Comedy,Crime"
tt0244316,movie,Yi Yi,Yi yi,0,2000,\N,173,"Drama,Romance"
tt0245429,movie,Spirited Away,Sen to Chihiro no kamikakushi,0,2001,\N,125,"Adventure,Animation,Family"
tt0245712,movie,Amores Perros,Amores perros,0,2000,\N,154,"Drama,Thriller"
tt0246578,movie,Donnie Darko,Donnie Darko,0,2001,\N,113,"Drama,Mystery,Sci-Fi"
tt0253474,movie,The Pianist,The Pianist,0,2002,\N,150,"Biography,Drama,Music"
tt0263438,movie,Everything's Gonna Be Great,Her Sey Çok Güzel Olacak,0,1998,\N,107,"Comedy,Drama,Thriller"
tt0264464,movie,Catch Me If You Can,Catch Me If You Can,0,2002,\N,141,"Biography,Crime,Drama"
tt0266543,movie,Finding Nemo,Finding Nemo,0,2003,\N,100,"Adventure,Animation,Comedy"
tt0266697,movie,Kill Bill: Vol. 1,Kill Bill: Vol. 1,0,2003,\N,111,"Action,Crime,Thriller"
tt0268978,movie,A Beautiful Mind,A Beautiful Mind,0,2001,\N,135,"Biography,Drama"
tt0270053,movie,Vizontele,Vizontele,0,2001,\N,110,"Comedy,Drama"
tt0276919,movie,Dogville,Dogville,0,2003,\N,178,"Crime,Drama"
tt0292490,movie,Dil Chahta Hai,Dil Chahta Hai,0,2001,\N,183,"Comedy,Drama,Romance"
tt0293715,movie,My Sassy Girl,Yeopgijeogin geunyeo,0,2001,\N,137,"Comedy,Drama,Romance"
tt0304141,movie,Harry Potter and the Prisoner of Azkaban,Harry Potter and the Prisoner of Azkaban,0,2004,\N,142,"Adventure,Family,Fantasy"
tt0317248,movie,City of God,Cidade de Deus,0,2002,\N,130,"Crime,Drama"
tt0317705,movie,The Incredibles,The Incredibles,0,2004,\N,115,"Action,Adventure,Animation"
tt0319061,movie,Big Fish,Big Fish,0,2003,\N,125,"Adventure,Drama,Fantasy"
tt0325980,movie,Pirates of the Caribbean: The Curse of the Black Pearl,Pirates of the Caribbean: The Curse of the Black Pearl,0,2003,\N,143,"Action,Adventure,Fantasy"
tt0338013,movie,Eternal Sunshine of the Spotless Mind,Eternal Sunshine of the Spotless Mind,0,2004,\N,108,"Drama,Romance,Sci-Fi"
tt0338564,movie,Infernal Affairs,Mou gaan dou,0,2002,\N,101,"Action,Crime,Drama"
tt0347149,movie,Howl's Moving Castle,Hauru no ugoku shiro,0,2004,\N,119,"Adventure,Animation,Family"
tt0352248,movie,Cinderella Man,Cinderella Man,0,2005,\N,144,"Biography,Drama,Romance"
tt0353969,movie,Memories of Murder,Salinui chueok,0,2003,\N,131,"Crime,Drama,Mystery"
tt0359950,movie,The Secret Life of Walter Mitty,The Secret Life of Walter Mitty,0,2013,\N,114,"Adventure,Comedy,Drama"
tt0361748,movie,Inglourious Basterds,Inglourious Basterds,0,2009,\N,153,"Adventure,Drama,War"
tt0363163,movie,Downfall,Der Untergang,0,2004,\N,156,"Biography,Drama,History"
tt0364569,movie,Oldboy,Oldeuboi,0,2003,\N,120,"Action,Drama,Mystery"
tt0365748,movie,Shaun of the Dead,Shaun of the Dead,0,2004,\N,99,"Comedy,Horror"
tt0367110,movie,Swades,"Swades: We, the People",0,2004,\N,210,"Drama,Musical"
tt0369610,movie,Jurassic World,Jurassic World,0,2015,\N,124,"Action,Adventure,Sci-Fi"
tt0369702,movie,The Sea Inside,Mar adentro,0,2004,\N,126,"Biography,Drama"
tt0371746,movie,Iron Man,Iron Man,0,2008,\N,126,"Action,Adventure,Sci-Fi"
tt0372784,movie,Batman Begins,Batman Begins,0,2005,\N,140,"Action,Crime,Drama"
tt0374546,movie,"Spring, Summer, Fall, Winter... and Spring",Bom yeoreum gaeul gyeoul geurigo bom,0,2003,\N,103,"Drama,Romance"
tt0374887,movie,Munna Bhai M.B.B.S.,Munna Bhai M.B.B.S.,0,2003,\N,156,"Comedy,Drama"
tt0375611,movie,Black,Black,0,2005,\N,122,Drama
tt0378194,movie,Kill Bill: Vol. 2,Kill Bill: Vol. 2,0,2004,\N,137,"Action,Crime,Thriller"
tt0381061,movie,Casino Royale,Casino Royale,0,2006,\N,144,"Action,Adventure,Thriller"
tt0381681,movie,Before Sunset,Before Sunset,0,2004,\N,80,"Drama,Romance"
tt0382932,movie,Ratatouille,Ratatouille,0,2007,\N,111,"Adventure,Animation,Comedy"
tt0384116,movie,G.O.R.A.,G.O.R.A.,0,2004,\N,127,"Adventure,Comedy,Sci-Fi"
tt0386064,movie,Tae Guk Gi: The Brotherhood of War,Taegukgi hwinalrimyeo,0,2004,\N,140,"Action,Drama,War"
tt0395169,movie,Hotel Rwanda,Hotel Rwanda,0,2004,\N,121,"Biography,Drama,History"
tt0398286,movie,Tangled,Tangled,0,2010,\N,100,"Adventure,Animation,Comedy"
tt0401383,movie,The Diving Bell and the Butterfly,Le scaphandre et le papillon,0,2007,\N,112,"Biography,Drama"
tt0401729,movie,John Carter,John Carter,0,2012,\N,132,"Action,Adventure,Sci-Fi"
tt0401792,movie,Sin City,Sin City,0,2005,\N,124,"Crime,Thriller"
tt0405094,movie,The Lives of Others,Das Leben der Anderen,0,2006,\N,137,"Drama,Mystery,Thriller"
tt0405159,movie,Million Dollar Baby,Million Dollar Baby,0,2004,\N,132,"Drama,Sport"
tt0405508,movie,Rang De Basanti,Rang De Basanti,0,2006,\N,167,"Comedy,Crime,Drama"
tt0407887,movie,The Departed,The Departed,0,2006,\N,151,"Crime,Drama,Thriller"
tt0408664,movie,Nobody Knows,Dare mo shiranai,0,2004,\N,141,Drama
tt0409847,movie,Cowboys & Aliens,Cowboys & Aliens,0,2011,\N,119,"Action,Drama,Sci-Fi"
tt0429493,movie,The A-Team,The A-Team,0,2010,\N,117,"Action,Adventure,Crime"
tt0432283,movie,Fantastic Mr. Fox,Fantastic Mr. Fox,0,2009,\N,87,"Adventure,Animation,Comedy"
tt0433035,movie,Real Steel,Real Steel,0,2011,\N,127,"Action,Drama,Sci-Fi"
tt0434409,movie,V for Vendetta,V for Vendetta,0,2005,\N,132,"Action,Drama,Sci-Fi"
tt0435761,movie,Toy Story 3,Toy Story 3,0,2010,\N,103,"Adventure,Animation,Comedy"
tt0437086,movie,Alita: Battle Angel,Alita: Battle Angel,0,2019,\N,122,"Action,Adventure,Sci-Fi"
tt0440963,movie,The Bourne Ultimatum,The Bourne Ultimatum,0,2007,\N,115,"Action,Mystery,Thriller"
tt0443272,movie,Lincoln,Lincoln,0,2012,\N,150,"Biography,Drama,History"
tt0446029,movie,Scott Pilgrim vs. the World,Scott Pilgrim vs. the World,0,2010,\N,112,"Action,Comedy,Fantasy"
tt0448115,movie,Shazam!,Shazam!,0,2019,\N,132,"Action,Adventure,Comedy"
tt0450259,movie,Blood Diamond,Blood Diamond,0,2006,\N,143,"Adventure,Drama,Thriller"
tt0451279,movie,Wonder Woman,Wonder Woman,0,2017,\N,141,"Action,Adventure,Fantasy"
tt0454876,movie,Life of Pi,Life of Pi,0,2012,\N,127,"Adventure,Drama,Fantasy"
tt0454921,movie,The Pursuit of Happyness,The Pursuit of Happyness,0,2006,\N,117,"Biography,Drama"
tt0455944,movie,The Equalizer,The Equalizer,0,2014,\N,132,"Action,Crime,Thriller"
tt0456144,movie,"Carry On, Munna Bhai",Lage Raho Munna Bhai,0,2006,\N,144,"Comedy,Drama,Romance"
tt0457430,movie,Pan's Labyrinth,El laberinto del fauno,0,2006,\N,118,"Drama,Fantasy,War"
tt0458339,movie,Captain America: The First Avenger,Captain America: The First Avenger,0,2011,\N,124,"Action,Adventure,Sci-Fi"
tt0468569,movie,The Dark Knight,The Dark Knight,0,2008,\N,152,"Action,Crime,Drama"
tt0469494,movie,There Will Be Blood,There Will Be Blood,0,2007,\N,158,Drama
tt0470752,movie,Ex Machina,Ex Machina,0,2014,\N,108,"Drama,Sci-Fi,Thriller"
tt0473075,movie,Prince of Persia: The Sands of Time,Prince of Persia: The Sands of Time,0,2010,\N,116,"Action,Adventure,Fantasy"
tt0476735,movie,My Father and My Son,Babam ve Oglum,0,2005,\N,112,"Drama,Family"
tt0477080,movie,Unstoppable,Unstoppable,0,2010,\N,98,"Action,Thriller"
tt0477348,movie,No Country for Old Men,No Country for Old Men,0,2007,\N,122,"Crime,Drama,Thriller"
tt0478970,movie,Ant-Man,Ant-Man,0,2015,\N,117,"Action,Comedy,Sci-Fi"
tt0481499,movie,The Croods,The Croods,0,2013,\N,98,"Action,Adventure,Animation"
tt0482571,movie,The Prestige,The Prestige,0,2006,\N,130,"Drama,Mystery,Sci-Fi"
tt0499549,movie,Avatar,Avatar,0,2009,\N,162,"Action,Adventure,Fantasy"
tt0758752,movie,Love & Other Drugs,Love & Other Drugs,0,2010,\N,112,"Comedy,Drama,Romance"
tt0758758,movie,Into the Wild,Into the Wild,0,2007,\N,148,"Adventure,Biography,Drama"
tt0770828,movie,Man of Steel,Man of Steel,0,2013,\N,143,"Action,Adventure,Sci-Fi"
tt0780504,movie,Drive,Drive,0,2011,\N,100,"Action,Drama"
tt0780536,movie,In Bruges,In Bruges,0,2008,\N,107,"Comedy,Crime,Drama"
tt0790636,movie,Dallas Buyers Club,Dallas Buyers Club,0,2013,\N,117,"Biography,Drama"
tt0790724,movie,Jack Reacher,Jack Reacher,0,2012,\N,130,"Action,Mystery,Thriller"
tt0796366,movie,Star Trek,Star Trek,0,2009,\N,127,"Action,Adventure,Sci-Fi"
tt0800320,movie,Clash of the Titans,Clash of the Titans,0,2010,\N,106,"Action,Adventure,Fantasy"
tt0800369,movie,Thor,Thor,0,2011,\N,115,"Action,Fantasy"
tt0803096,movie,Warcraft,Warcraft,0,2016,\N,123,"Action,Adventure,Fantasy"
tt0808417,movie,Persepolis,Persepolis,0,2007,\N,96,"Animation,Biography,Drama"
tt0816692,movie,Interstellar,Interstellar,0,2014,\N,169,"Adventure,Drama,Sci-Fi"
tt0816711,movie,World War Z,World War Z,0,2013,\N,116,"Action,Adventure,Horror"
tt0829150,movie,Dracula Untold,Dracula Untold,0,2014,\N,92,"Action,Drama,Fantasy"
tt0831387,movie,Godzilla,Godzilla,0,2014,\N,123,"Action,Adventure,Sci-Fi"
tt0837562,movie,Hotel Transylvania,Hotel Transylvania,0,2012,\N,91,"Adventure,Animation,Comedy"
tt0840361,movie,The Town,The Town,0,2010,\N,125,"Crime,Drama,Thriller"
tt0848228,movie,The Avengers,The Avengers,0,2012,\N,143,"Action,Sci-Fi"
tt0861739,movie,Elite Squad,Tropa de Elite,0,2007,\N,115,"Action,Crime,Drama"
tt0870154,movie,Jungle Cruise,Jungle Cruise,0,2021,\N,127,"Action,Adventure,Comedy"
tt0871510,movie,Chak De! India,Chak De! India,0,2007,\N,153,"Drama,Family,Sport"
tt0892769,movie,How to Train Your Dragon,How to Train Your Dragon,0,2010,\N,98,"Action,Adventure,Animation"
tt0892791,movie,Shrek Forever After,Shrek Forever After,0,2010,\N,95,"Adventure,Animation,Comedy"
tt0903624,movie,The Hobbit: An Unexpected Journey,The Hobbit: An Unexpected Journey,0,2012,\N,169,"Adventure,Fantasy"
tt0910970,movie,WALL·E,WALL·E,0,2008,\N,98,"Adventure,Animation,Family"
tt0926084,movie,Harry Potter and the Deathly Hallows: Part 1,Harry Potter and the Deathly Hallows - Part 1,0,2010,\N,146,"Adventure,Family,Fantasy"
tt0944835,movie,Salt,Salt,0,2010,\N,100,"Action,Thriller"
tt0945513,movie,Source Code,Source Code,0,2011,\N,93,"Action,Drama,Mystery"
tt0947798,movie,Black Swan,Black Swan,0,2010,\N,108,"Drama,Thriller"
tt0948470,movie,The Amazing Spider-Man,The Amazing Spider-Man,0,2012,\N,136,"Action,Adventure,Sci-Fi"
tt0955308,movie,Robin Hood,Robin Hood,0,2010,\N,140,"Action,Adventure,Drama"
tt0964517,movie,The Fighter,The Fighter,0,2010,\N,116,"Action,Biography,Drama"
tt0970179,movie,Hugo,Hugo,0,2011,\N,126,"Adventure,Drama,Family"
tt0974015,movie,Justice League,Justice League,0,2017,\N,120,"Action,Adventure,Fantasy"
tt0978762,movie,Mary and Max,Mary and Max.,0,2009,\N,92,"Animation,Comedy,Drama"
tt0978764,movie,Sucker Punch,Sucker Punch,0,2011,\N,110,"Action,Adventure,Fantasy"
tt0983193,movie,The Adventures of Tintin,The Adventures of Tintin,0,2011,\N,107,"Action,Adventure,Animation"
tt0985694,movie,Machete,Machete,0,2010,\N,105,"Action,Crime,Thriller"
tt0986264,movie,Like Stars on Earth,Taare Zameen Par,0,2007,\N,162,"Drama,Family"
tt0993842,movie,Hanna,Hanna,0,2011,\N,111,"Action,Adventure,Drama"
tt0993846,movie,The Wolf of Wall Street,The Wolf of Wall Street,0,2013,\N,180,"Biography,Comedy,Crime"
tt1001526,movie,Megamind,Megamind,0,2010,\N,95,"Action,Animation,Comedy"
tt1010048,movie,Slumdog Millionaire,Slumdog Millionaire,0,2008,\N,120,"Crime,Drama,Romance"
tt1013743,movie,Knight and Day,Knight and Day,0,2010,\N,109,"Action,Adventure,Comedy"
tt1014759,movie,Alice in Wonderland,Alice in Wonderland,0,2010,\N,108,"Adventure,Family,Fantasy"
tt1016150,movie,All Quiet on the Western Front,Im Westen nichts Neues,0,2022,\N,148,"Action,Drama,War"
tt10189514,movie,Soorarai Pottru,Soorarai Pottru,0,2020,\N,153,"Action,Drama"
tt1024648,movie,Argo,Argo,0,2012,\N,120,"Biography,Drama,Thriller"
tt10272386,movie,The Father,The Father,0,2020,\N,97,"Drama,Mystery"
tt10280296,movie,Sardar Udham,Sardar Udham,0,2021,\N,164,"Biography,Crime,Drama"
tt1028532,movie,Hachi: A Dog's Tale,Hachi: A Dog's Tale,0,2009,\N,93,"Biography,Drama,Family"
tt10295212,movie,Shershaah,Shershaah,0,2021,\N,135,"Action,Biography,Drama"
tt10324144,movie,Article 15,Article 15,0,2019,\N,130,"Crime,Drama,Mystery"
tt1033575,movie,The Descendants,The Descendants,0,2011,\N,115,"Comedy,Drama"
tt10366206,movie,John Wick: Chapter 4,John Wick: Chapter 4,0,2023,\N,169,"Action,Crime,Thriller"
tt10366460,movie,CODA,CODA,0,2021,\N,111,"Comedy,Drama,Music"
tt1037705,movie,The Book of Eli,The Book of Eli,0,2010,\N,118,"Action,Adventure,Drama"
tt10431500,movie,Miracle in Cell No. 7,Yedinci Kogustaki Mucize,0,2019,\N,132,Drama
tt1045658,movie,Silver Linings Playbook,Silver Linings Playbook,0,2012,\N,122,"Comedy,Drama,Romance"
tt1049413,movie,Up,Up,0,2009,\N,96,"Adventure,Animation,Comedy"
tt1051906,movie,The Invisible Man,The Invisible Man,0,2020,\N,124,"Drama,Horror,Mystery"
tt10648342,movie,Thor: Love and Thunder,Thor: Love and Thunder,0,2022,\N,118,"Action,Adventure,Comedy"
tt1065073,movie,Boyhood,Boyhood,0,2014,\N,165,Drama
tt1069238,movie,Departures,Okuribito,0,2008,\N,130,Drama
tt10698680,movie,K.G.F: Chapter 2,K.G.F: Chapter 2,0,2022,\N,166,"Action,Crime,Drama"
tt1074638,movie,Skyfall,Skyfall,0,2012,\N,143,"Action,Adventure,Thriller"
tt1077368,movie,Dark Shadows,Dark Shadows,0,2012,\N,113,"Comedy,Family,Fantasy"
tt10811166,movie,The Kashmir Files,The Kashmir Files,0,2022,\N,170,Drama
tt10838180,movie,The Matrix Resurrections,The Matrix Resurrections,0,2021,\N,148,"Action,Sci-Fi"
tt10872600,movie,Spider-Man: No Way Home,Spider-Man: No Way Home,0,2021,\N,148,"Action,Adventure,Fantasy"
tt1091191,movie,Lone Survivor,Lone Survivor,0,2013,\N,121,"Action,Biography,Drama"
tt1092026,movie,Paul,Paul,0,2011,\N,104,"Adventure,Comedy,Sci-Fi"
tt10954600,movie,Ant-Man and the Wasp: Quantumania,Ant-Man and the Wasp: Quantumania,0,2023,\N,124,"Action,Adventure,Comedy"
tt10954984,movie,Nope,Nope,0,2022,\N,130,"Horror,Mystery,Sci-Fi"
tt11032374,movie,Demon Slayer: Kimetsu no Yaiba - The Movie: Mugen Train,Kimetsu no Yaiba: Mugen Ressha-Hen,0,2020,\N,117,"Action,Adventure,Animation"
tt1104001,movie,TRON: Legacy,Tron: Legacy,0,2010,\N,125,"Action,Adventure,Sci-Fi"
tt11083552,movie,Wrath of Man,Wrath of Man,0,2021,\N,119,"Action,Crime,Thriller"
tt11138512,movie,The Northman,The Northman,0,2022,\N,137,"Action,Adventure,Drama"
tt1120985,movie,Blue Valentine,Blue Valentine,0,2010,\N,112,"Drama,Romance"
tt1124035,movie,The Ides of March,The Ides of March,0,2011,\N,101,"Drama,Thriller"
tt11286314,movie,Don't Look Up,Don't Look Up,0,2021,\N,138,"Comedy,Drama,Sci-Fi"
tt1130884,movie,Shutter Island,Shutter Island,0,2010,\N,138,"Mystery,Thriller"
tt1133985,movie,Green Lantern,Green Lantern,0,2011,\N,114,"Action,Adventure,Sci-Fi"
tt1155076,movie,The Karate Kid,The Karate Kid,0,2010,\N,140,"Action,Drama,Family"
tt11564570,movie,Glass Onion,Glass Onion,0,2022,\N,139,"Comedy,Crime,Drama"
tt1160419,movie,Dune,Dune: Part One,0,2021,\N,155,"Action,Adventure,Drama"
tt1170358,movie,The Hobbit: The Desolation of Smaug,The Hobbit: The Desolation of Smaug,0,2013,\N,161,"Adventure,Drama,Fantasy"
tt1171701,movie,The Breath,Nefes: Vatan Sagolsun,0,2009,\N,128,"Action,Drama,Thriller"
tt1179933,movie,10 Cloverfield Lane,10 Cloverfield Lane,0,2016,\N,103,"Drama,Horror,Mystery"
tt11813216,movie,The Banshees of Inisherin,The Banshees of Inisherin,0,2022,\N,114,"Comedy,Drama"
tt11866324,movie,Prey,Prey,0,2022,\N,100,"Action,Adventure,Drama"
tt1187043,movie,3 Idiots,3 Idiots,0,2009,\N,170,"Comedy,Drama"
tt1189340,movie,The Lincoln Lawyer,The Lincoln Lawyer,0,2011,\N,118,"Crime,Drama,Mystery"
tt1192628,movie,Rango,Rango,0,2011,\N,107,"Action,Adventure,Animation"
tt1194173,movie,The Bourne Legacy,The Bourne Legacy,0,2012,\N,135,"Action,Adventure,Thriller"
tt1201607,movie,Harry Potter and the Deathly Hallows: Part 2,Harry Potter and the Deathly Hallows - Part 2,0,2011,\N,130,"Adventure,Family,Fantasy"
tt1205489,movie,Gran Torino,Gran Torino,0,2008,\N,116,Drama
tt1210166,movie,Moneyball,Moneyball,0,2011,\N,133,"Biography,Drama,Sport"
tt1210819,movie,The Lone Ranger,The Lone Ranger,0,2013,\N,150,"Action,Adventure,Western"
tt1211837,movie,Doctor Strange,Doctor Strange,0,2016,\N,115,"Action,Adventure,Fantasy"
tt1211956,movie,Escape Plan,Escape Plan,0,2013,\N,115,"Action,Thriller"
tt1212450,movie,Lawless,Lawless,0,2012,\N,116,"Biography,Crime,Drama"
tt1213641,movie,First Man,First Man,0,2018,\N,141,"Biography,Drama,History"
tt1213663,movie,The World's End,The World's End,0,2013,\N,109,"Action,Comedy,Sci-Fi"
tt1216475,movie,Cars 2,Cars 2,0,2011,\N,106,"Adventure,Animation,Comedy"
tt1217209,movie,Brave,Brave,0,2012,\N,93,"Action,Adventure,Animation"
tt1219289,movie,Limitless,Limitless,0,2011,\N,105,"Sci-Fi,Thriller"
tt1219827,movie,Ghost in the Shell,Ghost in the Shell,0,2017,\N,107,"Action,Crime,Drama"
tt1220719,movie,Ip Man,Ip Man,0,2008,\N,106,"Action,Biography,Drama"
tt1228705,movie,Iron Man 2,Iron Man 2,0,2010,\N,124,"Action,Sci-Fi"
tt1229238,movie,Mission: Impossible - Ghost Protocol,Mission: Impossible - Ghost Protocol,0,2011,\N,132,"Action,Adventure,Thriller"
tt1231583,movie,Due Date,Due Date,0,2010,\N,95,"Comedy,Drama"
tt1232829,movie,21 Jump Street,21 Jump Street,0,2012,\N,109,"Action,Comedy,Crime"
tt1234721,movie,RoboCop,RoboCop,0,2014,\N,117,"Action,Crime,Sci-Fi"
tt12361178,movie,Drishyam 2,Drishyam 2,0,2021,\N,152,"Crime,Drama,Thriller"
tt12361974,movie,Zack Snyder's Justice League,Zack Snyder's Justice League,0,2021,\N,242,"Action,Adventure,Fantasy"
tt1243957,movie,The Tourist,The Tourist,0,2010,\N,103,"Action,Thriller"
tt1245492,movie,This Is the End,This Is the End,0,2013,\N,107,"Comedy,Fantasy"
tt1245526,movie,RED,RED,0,2010,\N,111,"Action,Comedy,Crime"
tt1250777,movie,Kick-Ass,Kick-Ass,0,2010,\N,117,"Action,Comedy,Crime"
tt1253863,movie,300: Rise of an Empire,300: Rise of an Empire,0,2014,\N,102,"Action,Drama,War"
tt1255953,movie,Incendies,Incendies,0,2010,\N,131,"Drama,Mystery,War"
tt12593682,movie,Bullet Train,Bullet Train,0,2022,\N,127,"Action,Comedy,Thriller"
tt1259521,movie,The Cabin in the Woods,The Cabin in the Woods,0,2011,\N,95,"Horror,Mystery,Thriller"
tt1270797,movie,Venom,Venom,0,2018,\N,112,"Action,Adventure,Sci-Fi"
tt1270798,movie,X-Men: First Class,X: First Class,0,2011,\N,131,"Action,Sci-Fi"
tt1272878,movie,2 Guns,2 Guns,0,2013,\N,109,"Action,Comedy,Thriller"
tt1276104,movie,Looper,Looper,0,2012,\N,119,"Action,Drama,Sci-Fi"
tt1280558,movie,A Wednesday,A Wednesday,0,2008,\N,104,"Action,Crime,Drama"
tt1282140,movie,Easy A,Easy A,0,2010,\N,92,"Comedy,Drama,Romance"
tt1284575,movie,Bad Teacher,Bad Teacher,0,2011,\N,92,"Comedy,Romance"
tt1285016,movie,The Social Network,The Social Network,0,2010,\N,120,"Biography,Drama"
tt1289401,movie,Ghostbusters,Ghostbusters,0,2016,\N,117,"Action,Comedy,Fantasy"
tt1291150,movie,Teenage Mutant Ninja Turtles,Teenage Mutant Ninja Turtles,0,2014,\N,101,"Action,Adventure,Comedy"
tt1291584,movie,Warrior,Warrior,0,2011,\N,140,"Action,Drama,Sport"
tt1298650,movie,Pirates of the Caribbean: On Stranger Tides,Pirates of the Caribbean: On Stranger Tides,0,2011,\N,137,"Action,Adventure,Fantasy"
tt1300854,movie,Iron Man 3,Iron Man Three,0,2013,\N,130,"Action,Adventure,Sci-Fi"
tt1302006,movie,The Irishman,The Irishman,0,2019,\N,209,"Biography,Crime,Drama"
tt1302011,movie,Kung Fu Panda 2,Kung Fu Panda 2,0,2011,\N,90,"Action,Adventure,Animation"
tt1305806,movie,The Secret in Their Eyes,El secreto de sus ojos,0,2009,\N,129,"Drama,Mystery,Romance"
tt1306980,movie,50/50,50/50,0,2011,\N,100,"Comedy,Drama,Romance"
tt1318514,movie,Rise of the Planet of the Apes,Rise of the Planet of the Apes,0,2011,\N,105,"Action,Drama,Sci-Fi"
tt1320253,movie,The Expendables,The Expendables,0,2010,\N,103,"Action,Adventure,Thriller"
tt1321870,movie,Gangster Squad,Gangster Squad,0,2013,\N,113,"Action,Crime,Drama"
tt1323594,movie,Despicable Me,Despicable Me,0,2010,\N,95,"Adventure,Animation,Comedy"
tt13238346,movie,Past Lives,Past Lives,0,2023,\N,105,"Drama,Romance"
tt1324999,movie,The Twilight Saga: Breaking Dawn - Part 1,The Twilight Saga: Breaking Dawn - Part 1,0,2011,\N,117,"Adventure,Drama,Fantasy"
tt1325004,movie,The Twilight Saga: Eclipse,The Twilight Saga: Eclipse,0,2010,\N,124,"Action,Adventure,Drama"
tt1340138,movie,Terminator Genisys,Terminator Genisys,0,2015,\N,126,"Action,Adventure,Sci-Fi"
tt1340800,movie,Tinker Tailor Soldier Spy,Tinker Tailor Soldier Spy,0,2011,\N,127,"Drama,Mystery,Thriller"
tt1343092,movie,The Great Gatsby,The Great Gatsby,0,2013,\N,143,"Drama,Romance"
tt1343727,movie,Dredd,Dredd,0,2012,\N,95,"Action,Crime,Sci-Fi"
tt1345836,movie,The Dark Knight Rises,The Dark Knight Rises,0,2012,\N,164,"Action,Drama,Thriller"
tt1355644,movie,Passengers,Passengers,0,2016,\N,116,"Drama,Romance,Sci-Fi"
tt1365519,movie,Tomb Raider,Tomb Raider,0,2018,\N,119,"Action,Adventure,Fantasy"
tt1371111,movie,Cloud Atlas,Cloud Atlas,0,2012,\N,172,"Drama,Mystery,Sci-Fi"
tt1375666,movie,Inception,Inception,0,2010,\N,148,"Action,Adventure,Sci-Fi"
tt1375670,movie,Grown Ups,Grown Ups,0,2010,\N,102,Comedy
tt1385826,movie,The Adjustment Bureau,The Adjustment Bureau,0,2011,\N,106,"Crime,Mystery,Romance"
tt1386588,movie,The Other Guys,The Other Guys,0,2010,\N,107,"Action,Comedy,Crime"
tt1386697,movie,Suicide Squad,Suicide Squad,0,2016,\N,123,"Action,Adventure,Fantasy"
tt1386703,movie,Total Recall,Total Recall,0,2012,\N,118,"Action,Adventure,Sci-Fi"
tt1392170,movie,The Hunger Games,The Hunger Games,0,2012,\N,142,"Action,Adventure,Sci-Fi"
tt1392190,movie,Mad Max: Fury Road,Mad Max: Fury Road,0,2015,\N,120,"Action,Adventure,Sci-Fi"
tt1392214,movie,Prisoners,Prisoners,0,2013,\N,153,"Crime,Drama,Mystery"
tt1396484,movie,It,It,0,2017,\N,135,Horror
tt1397280,movie,Taken 2,Taken 2,0,2012,\N,92,"Action,Crime,Thriller"
tt1398426,movie,Straight Outta Compton,Straight Outta Compton,0,2015,\N,147,"Biography,Drama,History"
tt1399103,movie,Transformers: Dark of the Moon,Transformers: Dark of the Moon,0,2011,\N,154,"Action,Adventure,Sci-Fi"
tt1401152,movie,Unknown,Unknown,0,2011,\N,113,"Action,Mystery,Thriller"
tt1403865,movie,True Grit,True Grit,0,2010,\N,110,"Drama,Western"
tt1408101,movie,Star Trek Into Darkness,Star Trek Into Darkness,0,2013,\N,132,"Action,Adventure,Sci-Fi"
tt1409024,movie,Men in Black 3,Men in Black 3,0,2012,\N,106,"Action,Adventure,Comedy"
tt1411238,movie,No Strings Attached,No Strings Attached,0,2011,\N,108,"Comedy,Romance"
tt1411697,movie,The Hangover Part II,The Hangover Part II,0,2011,\N,102,Comedy
tt1424381,movie,Predators,Predators,0,2010,\N,107,"Action,Adventure,Fantasy"
tt1428538,movie,Hansel & Gretel: Witch Hunters,Hansel & Gretel: Witch Hunters,0,2013,\N,88,"Action,Fantasy,Horror"
tt1430132,movie,The Wolverine,The Wolverine,0,2013,\N,126,"Action,Sci-Fi"
tt1431045,movie,Deadpool,Deadpool,0,2016,\N,108,"Action,Comedy"
tt1436562,movie,Rio,Rio,0,2011,\N,96,"Adventure,Animation,Comedy"
tt1440129,movie,Battleship,Battleship,0,2012,\N,131,"Action,Adventure,Sci-Fi"
tt1446714,movie,Prometheus,Prometheus,0,2012,\N,124,"Adventure,Mystery,Sci-Fi"
tt1453405,movie,Monsters University,Monsters University,0,2013,\N,104,"Adventure,Animation,Comedy"
tt1454029,movie,The Help,The Help,0,2011,\N,146,Drama
tt1454468,movie,Gravity,Gravity,0,2013,\N,91,"Drama,Sci-Fi,Thriller"
tt1457767,movie,The Conjuring,The Conjuring,0,2013,\N,112,"Horror,Mystery,Thriller"
tt1458175,movie,The Next Three Days,The Next Three Days,0,2010,\N,133,"Action,Crime,Drama"
tt1464335,movie,Uncharted,Uncharted,0,2022,\N,116,"Action,Adventure"
tt1464540,movie,I Am Number Four,I Am Number Four,0,2011,\N,111,"Action,Adventure,Sci-Fi"
tt1469304,movie,Baywatch,Baywatch,0,2017,\N,116,"Action,Comedy,Crime"
tt1477834,movie,Aquaman,Aquaman,0,2018,\N,143,"Action,Adventure,Fantasy"
tt1478338,movie,Bridesmaids,Bridesmaids,0,2011,\N,125,Comedy
tt1483013,movie,Oblivion,Oblivion,0,2013,\N,124,"Action,Adventure,Sci-Fi"
tt1485796,movie,The Greatest Showman,The Greatest Showman,0,2017,\N,105,"Biography,Drama,Musical"
tt1489889,movie,Central Intelligence,Central Intelligence,0,2016,\N,107,"Action,Comedy,Crime"
tt1490017,movie,The Lego Movie,The Lego Movie,0,2014,\N,100,"Action,Adventure,Animation"
tt1499658,movie,Horrible Bosses,Horrible Bosses,0,2011,\N,98,"Comedy,Crime"
tt1504320,movie,The King's Speech,The King's Speech,0,2010,\N,118,"Biography,Drama,History"
tt15097216,movie,Jai Bhim,Jai Bhim,0,2021,\N,164,"Crime,Drama,Mystery"
tt1515091,movie,Sherlock Holmes: A Game of Shadows,Sherlock Holmes: A Game of Shadows,0,2011,\N,129,"Action,Adventure,Mystery"
tt1517268,movie,Barbie,Barbie,0,2023,\N,114,"Adventure,Comedy,Fantasy"
tt1517451,movie,A Star Is Born,A Star Is Born,0,2018,\N,136,"Drama,Music,Romance"
tt15327088,movie,Kantara,Kantara,0,2022,\N,148,"Action,Adventure,Drama"
tt1535108,movie,Elysium,Elysium,0,2013,\N,109,"Action,Drama,Sci-Fi"
tt1535109,movie,Captain Phillips,Captain Phillips,0,2013,\N,134,"Action,Biography,Crime"
tt15398776,movie,Oppenheimer,Oppenheimer,0,2023,\N,180,"Biography,Drama,History"
tt1542344,movie,127 Hours,127 Hours,0,2010,\N,94,"Biography,Drama"
tt15501640,movie,Drishyam 2,Drishyam 2,0,2022,\N,140,"Crime,Drama,Mystery"
tt1555149,movie,Elite Squad 2: The Enemy Within,Tropa de Elite 2: O Inimigo Agora é Outro,0,2010,\N,115,"Action,Crime,Drama"
tt1562872,movie,Zindagi Na Milegi Dobara,Zindagi Na Milegi Dobara,0,2011,\N,155,"Comedy,Drama,Musical"
tt1564367,movie,Just Go with It,Just Go with It,0,2011,\N,117,"Comedy,Romance"
tt1568346,movie,The Girl with the Dragon Tattoo,The Girl with the Dragon Tattoo,0,2011,\N,158,"Crime,Drama,Mystery"
tt1570728,movie,"Crazy, Stupid, Love.","Crazy, Stupid, Love.",0,2011,\N,118,"Comedy,Drama,Romance"
tt1587310,movie,Maleficent,Maleficent,0,2014,\N,97,"Adventure,Family,Fantasy"
tt1588173,movie,Warm Bodies,Warm Bodies,0,2013,\N,98,"Comedy,Horror,Romance"
tt1591095,movie,Insidious,Insidious,0,2010,\N,103,"Horror,Mystery,Thriller"
tt1596343,movie,Fast Five,Fast Five,0,2011,\N,130,"Action,Crime,Thriller"
tt1596363,movie,The Big Short,The Big Short,0,2015,\N,130,"Biography,Comedy,Drama"
tt1598778,movie,Contagion,Contagion,0,2011,\N,106,"Drama,Thriller"
tt1599348,movie,Safe House,Safe House,0,2012,\N,115,"Action,Thriller"
tt1601913,movie,The Grey,The Grey,0,2011,\N,117,"Action,Adventure,Drama"
tt1605630,movie,American Reunion,American Reunion,0,2012,\N,113,Comedy
tt1605783,movie,Midnight in Paris,Midnight in Paris,0,2011,\N,94,"Comedy,Fantasy,Romance"
tt1606378,movie,A Good Day to Die Hard,A Good Day to Die Hard,0,2013,\N,98,"Action,Thriller"
tt1606389,movie,The Vow,The Vow,0,2012,\N,104,"Drama,Romance"
tt1620933,movie,Paan Singh Tomar,Paan Singh Tomar,0,2012,\N,135,"Action,Biography,Crime"
tt1623205,movie,Oz the Great and Powerful,Oz the Great and Powerful,0,2013,\N,130,"Adventure,Family,Fantasy"
tt1630029,movie,Avatar: The Way of Water,Avatar: The Way of Water,0,2022,\N,192,"Action,Adventure,Fantasy"
tt1631867,movie,Edge of Tomorrow,Edge of Tomorrow,0,2014,\N,113,"Action,Adventure,Sci-Fi"
tt1632708,movie,Friends with Benefits,Friends with Benefits,0,2011,\N,109,"Comedy,Romance"
tt1636826,movie,Project X,Project X,0,2012,\N,88,Comedy
tt1637688,movie,In Time,In Time,0,2011,\N,109,"Action,Sci-Fi,Thriller"
tt1637725,movie,Ted,Ted,0,2012,\N,106,Comedy
tt1638355,movie,The Man from U.N.C.L.E.,The Man from U.N.C.L.E.,0,2015,\N,116,"Action,Adventure,Comedy"
tt1639426,movie,Udaan,Udaan,0,2010,\N,134,Drama
tt1645170,movie,The Dictator,The Dictator,0,2012,\N,83,Comedy
tt1646971,movie,How to Train Your Dragon 2,How to Train Your Dragon 2,0,2014,\N,102,"Action,Adventure,Animation"
tt1649418,movie,The Gray Man,The Gray Man,0,2022,\N,122,"Action,Thriller"
tt1649419,movie,The Impossible,Lo imposible,0,2012,\N,114,"Adventure,Drama,History"
tt1650062,movie,Super 8,Super 8,0,2011,\N,112,"Action,Mystery,Sci-Fi"
tt1650554,movie,Kick-Ass 2,Kick-Ass 2,0,2013,\N,103,"Action,Comedy,Crime"
tt1655442,movie,The Artist,The Artist,0,2011,\N,100,"Comedy,Drama,Romance"
tt1659337,movie,The Perks of Being a Wallflower,The Perks of Being a Wallflower,0,2012,\N,103,Drama
tt1663202,movie,The Revenant,The Revenant,0,2015,\N,156,"Action,Adventure,Drama"
tt1663662,movie,Pacific Rim,Pacific Rim,0,2013,\N,131,"Action,Adventure,Sci-Fi"
tt1667889,movie,Ice Age: Continental Drift,Ice Age: Continental Drift,0,2012,\N,88,"Adventure,Animation,Comedy"
tt1670345,movie,Now You See Me,Now You See Me,0,2013,\N,115,"Crime,Mystery,Thriller"
tt1673434,movie,The Twilight Saga: Breaking Dawn - Part 2,The Twilight Saga: Breaking Dawn - Part 2,0,2012,\N,115,"Adventure,Drama,Fantasy"
tt1675434,movie,The Intouchables,Intouchables,0,2011,\N,112,"Biography,Comedy,Drama"
tt1677720,movie,Ready Player One,Ready Player One,0,2018,\N,140,"Action,Adventure,Sci-Fi"
tt1690953,movie,Despicable Me 2,Despicable Me 2,0,2013,\N,98,"Adventure,Animation,Comedy"
tt1700841,movie,Sausage Party,Sausage Party,0,2016,\N,89,"Adventure,Animation,Comedy"
tt1706593,movie,Chronicle,Chronicle,0,2012,\N,89,"Action,Drama,Sci-Fi"
tt1706620,movie,Snowpiercer,Snowpiercer,0,2013,\N,126,"Action,Drama,Sci-Fi"
tt1707386,movie,Les Misérables,Les Misérables,0,2012,\N,158,"Drama,Musical,Romance"
tt1723121,movie,We're the Millers,We're the Millers,0,2013,\N,110,"Comedy,Crime"
tt1723811,movie,Shame,Shame,0,2011,\N,101,Drama
tt1727824,movie,Bohemian Rhapsody,Bohemian Rhapsody,0,2018,\N,134,"Biography,Drama,Music"
tt1731141,movie,Ender's Game,Ender's Game,0,2013,\N,114,"Action,Adventure,Sci-Fi"
tt1735898,movie,Snow White and the Huntsman,Snow White and the Huntsman,0,2012,\N,127,"Action,Adventure,Drama"
tt1745960,movie,Top Gun: Maverick,Top Gun: Maverick,0,2022,\N,130,"Action,Drama"
tt1748122,movie,Moonrise Kingdom,Moonrise Kingdom,0,2012,\N,94,"Comedy,Drama,Family"
tt1764651,movie,The Expendables 2,The Expendables 2,0,2012,\N,103,"Action,Adventure,Thriller"
tt1772341,movie,Wreck-It Ralph,Wreck-It Ralph,0,2012,\N,101,"Adventure,Animation,Comedy"
tt1790809,movie,Pirates of the Caribbean: Dead Men Tell No Tales,Pirates of the Caribbean: Dead Men Tell No Tales,0,2017,\N,129,"Action,Adventure,Fantasy"
tt1790864,movie,The Maze Runner,The Maze Runner,0,2014,\N,113,"Action,Mystery,Sci-Fi"
tt1790885,movie,Zero Dark Thirty,Zero Dark Thirty,0,2012,\N,157,"Drama,History,Thriller"
tt1798684,movie,Southpaw,Southpaw,0,2015,\N,124,"Action,Drama,Sport"
tt1798709,movie,Her,Her,0,2013,\N,126,"Drama,Romance,Sci-Fi"
tt1800241,movie,American Hustle,American Hustle,0,2013,\N,138,"Crime,Drama"
tt1815862,movie,After Earth,After Earth,0,2013,\N,100,"Action,Adventure,Sci-Fi"
tt1817273,movie,The Place Beyond the Pines,The Place Beyond the Pines,0,2012,\N,140,"Crime,Drama,Thriller"
tt1821480,movie,Kahaani,Kahaani,0,2012,\N,122,"Mystery,Thriller"
tt1823672,movie,Chappie,Chappie,0,2015,\N,120,"Action,Crime,Drama"
tt1825683,movie,Black Panther,Black Panther,0,2018,\N,134,"Action,Adventure,Sci-Fi"
tt1832382,movie,A Separation,Jodaeiye Nader az Simin,0,2011,\N,123,Drama
tt1840309,movie,Divergent,Divergent,0,2014,\N,139,"Action,Adventure,Mystery"
tt1843866,movie,Captain America: The Winter Soldier,Captain America: The Winter Soldier,0,2014,\N,136,"Action,Adventure,Sci-Fi"
tt1853728,movie,Django Unchained,Django Unchained,0,2012,\N,165,"Drama,Western"
tt1855199,movie,End of Watch,End of Watch,0,2012,\N,109,"Action,Crime,Drama"
tt1856101,movie,Blade Runner 2049,Blade Runner 2049,0,2017,\N,164,"Action,Drama,Mystery"
tt1865505,movie,Song of the Sea,Song of the Sea,0,2014,\N,93,"Adventure,Animation,Drama"
tt1872181,movie,The Amazing Spider-Man 2,The Amazing Spider-Man 2,0,2014,\N,142,"Action,Adventure,Sci-Fi"
tt1872194,movie,The Judge,The Judge,0,2014,\N,141,"Crime,Drama"
tt1877830,movie,The Batman,The Batman,0,2022,\N,176,"Action,Crime,Drama"
tt1877832,movie,X-Men: Days of Future Past,X-Men: Days of Future Past,0,2014,\N,132,"Action,Adventure,Sci-Fi"
tt1895587,movie,Spotlight,Spotlight,0,2015,\N,129,"Biography,Crime,Drama"
tt1899353,movie,The Raid: Redemption,Serbuan maut,0,2011,\N,101,"Action,Crime,Thriller"
tt1905041,movie,Fast & Furious 6,Furious 6,0,2013,\N,130,"Action,Adventure,Crime"
tt1907668,movie,Flight,Flight,0,2012,\N,138,"Drama,Thriller"
tt1922777,movie,Sinister,Sinister,0,2012,\N,110,"Horror,Mystery,Thriller"
tt1931533,movie,Seven Psychopaths,Seven Psychopaths,0,2012,\N,110,"Comedy,Crime"
tt1950186,movie,Ford v Ferrari,Ford v Ferrari,0,2019,\N,152,"Action,Biography,Drama"
tt1951261,movie,The Hangover Part III,The Hangover Part III,0,2013,\N,100,"Comedy,Crime"
tt1951264,movie,The Hunger Games: Catching Fire,The Hunger Games: Catching Fire,0,2013,\N,146,"Action,Adventure,Sci-Fi"
tt1951265,movie,The Hunger Games: Mockingjay - Part 1,The Hunger Games: Mockingjay - Part 1,0,2014,\N,123,"Action,Adventure,Sci-Fi"
tt1951266,movie,The Hunger Games: Mockingjay - Part 2,The Hunger Games: Mockingjay - Part 2,0,2015,\N,137,"Action,Adventure,Sci-Fi"
tt1954470,movie,Gangs of Wasseypur,Gangs of Wasseypur,0,2012,\N,321,"Action,Comedy,Crime"
tt1959490,movie,Noah,Noah,0,2014,\N,138,"Action,Adventure,Drama"
tt1959563,movie,The Hitman's Bodyguard,The Hitman's Bodyguard,0,2017,\N,118,"Action,Comedy,Crime"
tt1972591,movie,King Arthur: Legend of the Sword,King Arthur: Legend of the Sword,0,2017,\N,126,"Action,Adventure,Drama"
tt1979320,movie,Rush,Rush,0,2013,\N,123,"Action,Biography,Drama"
tt1979376,movie,Toy Story 4,Toy Story 4,0,2019,\N,100,"Adventure,Animation,Comedy"
tt1980209,movie,Pain & Gain,Pain & Gain,0,2013,\N,129,"Action,Biography,Comedy"
tt1981115,movie,Thor: The Dark World,Thor: The Dark World,0,2013,\N,112,"Action,Adventure,Fantasy"
tt1981677,movie,Pitch Perfect,Pitch Perfect,0,2012,\N,112,"Comedy,Music,Romance"
tt2004420,movie,Neighbors,Neighbors,0,2014,\N,97,Comedy
tt2005151,movie,War Dogs,War Dogs,0,2016,\N,114,"Biography,Comedy,Crime"
tt2015381,movie,Guardians of the Galaxy,Guardians of the Galaxy,0,2014,\N,121,"Action,Adventure,Comedy"
tt2024469,movie,Non-Stop,Non-Stop,0,2014,\N,106,"Action,Mystery,Thriller"
tt2024544,movie,12 Years a Slave,12 Years a Slave,0,2013,\N,134,"Biography,Drama,History"
tt2082197,movie,Barfi!,Barfi!,0,2012,\N,151,"Comedy,Drama,Romance"
tt2084970,movie,The Imitation Game,The Imitation Game,0,2014,\N,114,"Biography,Drama,Thriller"
tt20850406,movie,Sita Ramam,Sita Ramam,0,2022,\N,163,"Action,Drama,Mystery"
tt2094766,movie,Assassin's Creed,Assassin's Creed,0,2016,\N,115,"Action,Adventure,Sci-Fi"
tt2096673,movie,Inside Out,Inside Out,0,2015,\N,95,"Adventure,Animation,Comedy"
tt2103281,movie,Dawn of the Planet of the Apes,Dawn of the Planet of the Apes,0,2014,\N,130,"Action,Adventure,Drama"
tt2106476,movie,The Hunt,Jagten,0,2012,\N,115,Drama
tt2109248,movie,Transformers: Age of Extinction,Transformers: Age of Extinction,0,2014,\N,165,"Action,Adventure,Sci-Fi"
tt2119532,movie,Hacksaw Ridge,Hacksaw Ridge,0,2016,\N,139,"Biography,Drama,History"
tt2126355,movie,San Andreas,San Andreas,0,2015,\N,114,"Action,Adventure,Thriller"
tt2140203,movie,Wolf Children,Ôkami kodomo no Ame to Yuki,0,2012,\N,117,"Animation,Drama,Family"
tt2140479,movie,The Accountant,The Accountant,0,2016,\N,128,"Action,Thriller"
tt2179136,movie,American Sniper,American Sniper,0,2014,\N,133,"Action,Biography,Drama"
tt2184339,movie,The Purge,The Purge,0,2013,\N,85,"Horror,Sci-Fi,Thriller"
tt2194499,movie,About Time,About Time,0,2013,\N,123,"Comedy,Drama,Fantasy"
tt2209764,movie,Transcendence,Transcendence,0,2014,\N,119,"Action,Drama,Sci-Fi"
tt2229499,movie,Don Jon,Don Jon,0,2013,\N,90,"Comedy,Drama,Romance"
tt2234155,movie,The Internship,The Internship,0,2013,\N,119,Comedy
tt2245084,movie,Big Hero 6,Big Hero 6,0,2014,\N,102,"Action,Adventure,Animation"
tt2250912,movie,Spider-Man: Homecoming,Spider-Man: Homecoming,0,2017,\N,133,"Action,Adventure,Sci-Fi"
tt2267998,movie,Gone Girl,Gone Girl,0,2014,\N,149,"Drama,Mystery,Thriller"
tt2277860,movie,Finding Dory,Finding Dory,0,2016,\N,97,"Adventure,Animation,Comedy"
tt2278388,movie,The Grand Budapest Hotel,The Grand Budapest Hotel,0,2014,\N,99,"Adventure,Comedy,Crime"
tt2283362,movie,Jumanji: Welcome to the Jungle,Jumanji: Welcome to the Jungle,0,2017,\N,119,"Action,Adventure,Comedy"
tt2283748,movie,OMG: Oh My God!,OMG: Oh My God!,0,2012,\N,125,"Comedy,Drama,Fantasy"
tt2293640,movie,Minions,Minions,0,2015,\N,91,"Adventure,Animation,Comedy"
tt2294449,movie,22 Jump Street,22 Jump Street,0,2014,\N,112,"Action,Comedy,Crime"
tt2294629,movie,Frozen,Frozen,0,2013,\N,102,"Adventure,Animation,Comedy"
tt2302755,movie,Olympus Has Fallen,Olympus Has Fallen,0,2013,\N,119,"Action,Thriller"
tt2310332,movie,The Hobbit: The Battle of the Five Armies,The Hobbit: The Battle of the Five Armies,0,2014,\N,144,"Adventure,Fantasy"
tt2316204,movie,Alien: Covenant,Alien: Covenant,0,2017,\N,122,"Horror,Sci-Fi,Thriller"
tt2316411,movie,Enemy,Enemy,0,2013,\N,91,"Drama,Mystery,Thriller"
tt2321549,movie,The Babadook,The Babadook,0,2014,\N,94,"Horror,Mystery"
tt2322441,movie,Fifty Shades of Grey,Fifty Shades of Grey,0,2015,\N,125,"Drama,Romance,Thriller"
tt2334873,movie,Blue Jasmine,Blue Jasmine,0,2013,\N,98,"Comedy,Drama"
tt2334879,movie,White House Down,White House Down,0,2013,\N,131,"Action,Drama,Thriller"
tt2338151,movie,PK,PK,0,2014,\N,153,"Comedy,Drama,Sci-Fi"
tt2345759,movie,The Mummy,The Mummy,0,2017,\N,111,"Action,Adventure,Fantasy"
tt2356180,movie,Bhaag Milkha Bhaag,Bhaag Milkha Bhaag,0,2013,\N,186,"Biography,Drama,Sport"
tt2361509,movie,The Intern,The Intern,0,2015,\N,121,"Comedy,Drama"
tt2377938,movie,Special 26,Special Chabbis,0,2013,\N,144,"Crime,Drama,Thriller"
tt2379713,movie,Spectre,Spectre,0,2015,\N,148,"Action,Adventure,Thriller"
tt2380307,movie,Coco,Coco,0,2017,\N,105,"Adventure,Animation,Drama"
tt2381249,movie,Mission: Impossible - Rogue Nation,Mission: Impossible - Rogue Nation,0,2015,\N,131,"Action,Adventure,Thriller"
tt2381941,movie,Focus,Focus,0,2015,\N,105,"Comedy,Crime,Drama"
tt2382320,movie,No Time to Die,No Time to Die,0,2021,\N,163,"Action,Adventure,Thriller"
tt2395427,movie,Avengers: Age of Ultron,Avengers: Age of Ultron,0,2015,\N,141,"Action,Adventure,Sci-Fi"
tt2397535,movie,Predestination,Predestination,0,2014,\N,97,"Action,Drama,Sci-Fi"
tt2404435,movie,The Magnificent Seven,The Magnificent Seven,0,2016,\N,132,"Action,Adventure,Drama"
tt2406566,movie,Atomic Blonde,Atomic Blonde,0,2017,\N,115,"Action,Thriller"
tt2446042,movie,Taken 3,Taken 3,0,2014,\N,108,"Action,Crime,Thriller"
tt2463208,movie,The Adam Project,The Adam Project,0,2022,\N,106,"Action,Adventure,Comedy"
tt2488496,movie,Star Wars: Episode VII - The Force Awakens,Star Wars: Episode VII - The Force Awakens,0,2015,\N,138,"Action,Adventure,Sci-Fi"
tt2527336,movie,Star Wars: Episode VIII - The Last Jedi,Star Wars: Episode VIII - The Last Jedi,0,2017,\N,152,"Action,Adventure,Fantasy"
tt2527338,movie,Star Wars: Episode IX - The Rise of Skywalker,Star Wars: Episode IX - The Rise of Skywalker,0,2019,\N,141,"Action,Adventure,Fantasy"
tt2543164,movie,Arrival,Arrival,0,2016,\N,116,"Drama,Mystery,Sci-Fi"
tt2543472,movie,Wonder,Wonder,0,2017,\N,113,"Drama,Family"
tt2562232,movie,Birdman or (The Unexpected Virtue of Ignorance),Birdman or (The Unexpected Virtue of Ignorance),0,2014,\N,119,"Comedy,Drama"
tt2576852,movie,The Tale of The Princess Kaguya,Kaguya-hime no monogatari,0,2013,\N,137,"Animation,Drama,Family"
tt2582782,movie,Hell or High Water,Hell or High Water,0,2016,\N,102,"Crime,Drama,Thriller"
tt2582802,movie,Whiplash,Whiplash,0,2014,\N,106,"Drama,Music"
tt2582846,movie,The Fault in Our Stars,The Fault in Our Stars,0,2014,\N,126,"Drama,Romance"
tt2584384,movie,Jojo Rabbit,Jojo Rabbit,0,2019,\N,108,"Comedy,Drama,War"
tt2631186,movie,Baahubali: The Beginning,Bãhubali: The Beginning,0,2015,\N,159,"Action,Drama"
tt2637276,movie,Ted 2,Ted 2,0,2015,\N,115,Comedy
tt2660888,movie,Star Trek Beyond,Star Trek Beyond,0,2016,\N,122,"Action,Adventure,Sci-Fi"
tt2674426,movie,Me Before You,Me Before You,0,2016,\N,110,"Drama,Romance"
tt2704998,movie,Game Night,Game Night,0,2018,\N,100,"Action,Adventure,Comedy"
tt2709768,movie,The Secret Life of Pets,The Secret Life of Pets,0,2016,\N,87,"Adventure,Animation,Comedy"
tt2713180,movie,Fury,Fury,0,2014,\N,134,"Action,Drama,War"
tt2719848,movie,Everest,Everest,0,2015,\N,121,"Action,Adventure,Biography"
tt2737304,movie,Bird Box,Bird Box,0,2018,\N,124,"Horror,Mystery,Sci-Fi"
tt2758880,movie,Winter Sleep,Kis Uykusu,0,2014,\N,196,Drama
tt2771200,movie,Beauty and the Beast,Beauty and the Beast,0,2017,\N,129,"Adventure,Family,Fantasy"
tt2788710,movie,The Interview,The Interview,0,2014,\N,112,"Action,Adventure,Comedy"
tt2798920,movie,Annihilation,Annihilation,0,2018,\N,115,"Adventure,Drama,Horror"
tt2802144,movie,Kingsman: The Secret Service,Kingsman: The Secret Service,0,2014,\N,129,"Action,Adventure,Comedy"
tt2820852,movie,Furious 7,Fast & Furious 7,0,2015,\N,137,"Action,Crime,Thriller"
tt2872718,movie,Nightcrawler,Nightcrawler,0,2014,\N,117,"Crime,Drama,Thriller"
tt2872732,movie,Lucy,Lucy,0,2014,\N,89,"Action,Sci-Fi,Thriller"
tt2883512,movie,Chef,Chef,0,2014,\N,114,"Adventure,Comedy,Drama"
tt2908446,movie,The Divergent Series: Insurgent,Insurgent,0,2015,\N,119,"Action,Adventure,Sci-Fi"
tt2911666,movie,John Wick,John Wick,0,2014,\N,101,"Action,Crime,Thriller"
tt2935510,movie,Ad Astra,Ad Astra,0,2019,\N,123,"Adventure,Drama,Mystery"
tt2948356,movie,Zootopia,Zootopia,0,2016,\N,108,"Adventure,Animation,Comedy"
tt2948372,movie,Soul,Soul,0,2020,\N,100,"Adventure,Animation,Comedy"
tt2953050,movie,Encanto,Encanto,0,2021,\N,102,"Animation,Comedy,Family"
tt2975590,movie,Batman v Superman: Dawn of Justice,Batman v Superman: Dawn of Justice,0,2016,\N,151,"Action,Adventure,Sci-Fi"
tt2980516,movie,The Theory of Everything,The Theory of Everything,0,2014,\N,123,"Biography,Drama,Romance"
tt2991224,movie,Tangerines,Mandariinid,0,2013,\N,87,"Drama,War"
tt3011894,movie,Wild Tales,Relatos salvajes,0,2014,\N,122,"Comedy,Drama,Thriller"
tt3040964,movie,The Jungle Book,The Jungle Book,0,2016,\N,106,"Adventure,Drama,Family"
tt3065204,movie,The Conjuring 2,The Conjuring 2,0,2016,\N,134,"Horror,Mystery,Thriller"
tt3076658,movie,Creed,Creed,0,2015,\N,133,"Action,Drama,Sport"
tt3079380,movie,Spy,Spy,0,2015,\N,120,"Action,Comedy"
tt3110958,movie,Now You See Me 2,Now You See Me 2,0,2016,\N,129,"Action,Adventure,Comedy"
tt3170832,movie,Room,Room,0,2015,\N,118,"Drama,Thriller"
tt3183660,movie,Fantastic Beasts and Where to Find Them,Fantastic Beasts and Where to Find Them,0,2016,\N,132,"Adventure,Family,Fantasy"
tt3228774,movie,Cruella,Cruella,0,2021,\N,134,"Adventure,Comedy,Crime"
tt3235888,movie,It Follows,It Follows,0,2014,\N,100,"Horror,Mystery,Thriller"
tt3263904,movie,Sully,Sully,0,2016,\N,96,"Biography,Drama"
tt3281548,movie,Little Women,Little Women,0,2019,\N,135,"Drama,Romance"
tt3315342,movie,Logan,Logan,0,2017,\N,137,"Action,Drama,Sci-Fi"
tt3322420,movie,Queen,Queen,0,2013,\N,146,"Adventure,Comedy,Drama"
tt3385516,movie,X-Men: Apocalypse,X-Men: Apocalypse,0,2016,\N,144,"Action,Adventure,Sci-Fi"
tt3390572,movie,Haider,Haider,0,2014,\N,160,"Action,Crime,Drama"
tt3397884,movie,Sicario,Sicario,0,2015,\N,121,"Action,Crime,Drama"
tt3402236,movie,Murder on the Orient Express,Murder on the Orient Express,0,2017,\N,114,"Crime,Drama,Mystery"
tt3417422,movie,Drishyam,Drishyam,0,2013,\N,160,"Crime,Drama,Thriller"
tt3450958,movie,War for the Planet of the Apes,War for the Planet of the Apes,0,2017,\N,140,"Action,Adventure,Drama"
tt3460252,movie,The Hateful Eight,The Hateful Eight,0,2015,\N,168,"Crime,Drama,Mystery"
tt3464902,movie,The Lobster,The Lobster,0,2015,\N,119,"Drama,Romance,Sci-Fi"
tt3480822,movie,Black Widow,Black Widow,0,2021,\N,134,"Action,Adventure,Sci-Fi"
tt3498820,movie,Captain America: Civil War,Captain America: Civil War,0,2016,\N,147,"Action,Sci-Fi"
tt3501632,movie,Thor: Ragnarok,Thor: Ragnarok,0,2017,\N,130,"Action,Adventure,Comedy"
tt3521164,movie,Moana,Moana,0,2016,\N,107,"Adventure,Animation,Comedy"
tt3532216,movie,American Made,American Made,0,2017,\N,115,"Action,Comedy,Crime"
tt3553976,movie,Captain Fantastic,Captain Fantastic,0,2016,\N,118,"Comedy,Drama"
tt3606756,movie,Incredibles 2,Incredibles 2,0,2018,\N,118,"Action,Adventure,Animation"
tt3612616,movie,Mommy,Mommy,0,2014,\N,139,Drama
tt3659388,movie,The Martian,The Martian,0,2015,\N,144,"Adventure,Drama,Sci-Fi"
tt3682448,movie,Bridge of Spies,Bridge of Spies,0,2015,\N,142,"Drama,History,Thriller"
tt3704428,movie,Elvis,Elvis,0,2022,\N,159,"Biography,Drama,Music"
tt3731562,movie,Kong: Skull Island,Kong: Skull Island,0,2017,\N,118,"Action,Adventure,Fantasy"
tt3741834,movie,Lion,Lion,0,2016,\N,118,"Biography,Drama"
tt3748528,movie,Rogue One: A Star Wars Story,Rogue One,0,2016,\N,133,"Action,Adventure,Sci-Fi"
tt3778644,movie,Solo: A Star Wars Story,Solo: A Star Wars Story,0,2018,\N,135,"Action,Adventure,Sci-Fi"
tt3783958,movie,La La Land,La La Land,0,2016,\N,128,"Comedy,Drama,Music"
tt3799694,movie,The Nice Guys,The Nice Guys,0,2016,\N,116,"Action,Comedy,Crime"
tt3863552,movie,Bajrangi Bhaijaan,Bajrangi Bhaijaan,0,2015,\N,163,"Action,Adventure,Comedy"
tt3890160,movie,Baby Driver,Baby Driver,0,2017,\N,113,"Action,Crime,Drama"
tt3896198,movie,Guardians of the Galaxy Vol. 2,Guardians of the Galaxy Vol. 2,0,2017,\N,136,"Action,Adventure,Comedy"
tt4016934,movie,The Handmaiden,Ah-ga-ssi,0,2016,\N,145,"Drama,Romance,Thriller"
tt4034228,movie,Manchester by the Sea,Manchester by the Sea,0,2016,\N,137,Drama
tt4046784,movie,Maze Runner: The Scorch Trials,Maze Runner: The Scorch Trials,0,2015,\N,131,"Action,Adventure,Sci-Fi"
tt4123430,movie,Fantastic Beasts: The Crimes of Grindelwald,Fantastic Beasts: The Crimes of Grindelwald,0,2018,\N,134,"Adventure,Family,Fantasy"
tt4154664,movie,Captain Marvel,Captain Marvel,0,2019,\N,123,"Action,Adventure,Sci-Fi"
tt4154756,movie,Avengers: Infinity War,Avengers: Infinity War,0,2018,\N,149,"Action,Adventure,Sci-Fi"
tt4154796,movie,Avengers: Endgame,Avengers: Endgame,0,2019,\N,181,"Action,Adventure,Drama"
tt4160708,movie,Don't Breathe,Don't Breathe,0,2016,\N,88,"Crime,Horror,Thriller"
tt4169250,movie,M.S. Dhoni: The Untold Story,M.S. Dhoni: The Untold Story,0,2016,\N,184,"Biography,Drama,Sport"
tt4196776,movie,Jason Bourne,Jason Bourne,0,2016,\N,123,"Action,Thriller"
tt4263482,movie,The Witch,The VVitch: A New-England Folktale,0,2015,\N,92,"Drama,Fantasy,Horror"
tt4425200,movie,John Wick: Chapter 2,John Wick: Chapter 2,0,2017,\N,122,"Action,Crime,Thriller"
tt4430212,movie,Drishyam,Drishyam,0,2015,\N,163,"Crime,Drama,Mystery"
tt4513678,movie,Ghostbusters: Afterlife,Ghostbusters: Afterlife,0,2021,\N,124,"Adventure,Comedy,Fantasy"
tt4550098,movie,Nocturnal Animals,Nocturnal Animals,0,2016,\N,116,"Drama,Thriller"
tt4555426,movie,Darkest Hour,Darkest Hour,0,2017,\N,125,"Biography,Drama,War"
tt4630562,movie,The Fate of the Furious,The Fate of the Furious,0,2017,\N,136,"Action,Crime,Thriller"
tt4633694,movie,Spider-Man: Into the Spider-Verse,Spider-Man: Into the Spider-Verse,0,2018,\N,117,"Action,Adventure,Animation"
tt4635372,movie,Masaan,Masaan,0,2015,\N,109,Drama
tt4649466,movie,Kingsman: The Golden Circle,Kingsman: The Golden Circle,0,2017,\N,141,"Action,Adventure,Comedy"
tt4729430,movie,Klaus,Klaus,0,2019,\N,96,"Adventure,Animation,Comedy"
tt4779682,movie,The Meg,The Meg,0,2018,\N,113,"Action,Horror,Sci-Fi"
tt4846340,movie,Hidden Figures,Hidden Figures,0,2016,\N,127,"Biography,Drama,History"
tt4849438,movie,Baahubali 2: The Conclusion,Bãhubali 2: The Conclusion,0,2017,\N,167,"Action,Drama"
tt4857264,movie,The Invisible Guest,Contratiempo,0,2016,\N,106,"Crime,Drama,Mystery"
tt4881806,movie,Jurassic World: Fallen Kingdom,Jurassic World: Fallen Kingdom,0,2018,\N,128,"Action,Adventure,Sci-Fi"
tt4912910,movie,Mission: Impossible - Fallout,Mission: Impossible - Fallout,0,2018,\N,147,"Action,Adventure,Thriller"
tt4925292,movie,Lady Bird,Lady Bird,0,2017,\N,94,"Comedy,Drama"
tt4934950,movie,Talvar,Talvar,0,2015,\N,132,"Crime,Drama,Mystery"
tt4972582,movie,Split,Split,0,2016,\N,117,"Horror,Thriller"
tt4975722,movie,Moonlight,Moonlight,0,2016,\N,111,Drama
tt5013056,movie,Dunkirk,Dunkirk,0,2017,\N,106,"Action,Drama,History"
tt5027774,movie,"Three Billboards Outside Ebbing, Missouri","Three Billboards Outside Ebbing, Missouri",0,2017,\N,115,"Comedy,Crime,Drama"
tt5034838,movie,Godzilla vs. Kong,Godzilla vs. Kong,0,2021,\N,113,"Action,Sci-Fi,Thriller"
tt5052448,movie,Get Out,Get Out,0,2017,\N,104,"Horror,Mystery,Thriller"
tt5074352,movie,Dangal,Dangal,0,2016,\N,161,"Action,Biography,Drama"
tt5083738,movie,The Favourite,The Favourite,0,2018,\N,119,"Biography,Comedy,Drama"
tt5095030,movie,Ant-Man and the Wasp,Ant-Man and the Wasp,0,2018,\N,118,"Action,Adventure,Comedy"
tt5109784,movie,Mother!,Mother!,0,2017,\N,121,"Drama,Horror,Mystery"
tt5164214,movie,Ocean's Eight,Ocean's Eight,0,2018,\N,110,"Action,Comedy,Crime"
tt5198068,movie,Wolfwalkers,WolfWalkers,0,2020,\N,103,"Action,Adventure,Animation"
tt5311514,movie,Your Name.,Kimi no na wa.,0,2016,\N,106,"Animation,Drama,Fantasy"
tt5323662,movie,A Silent Voice: The Movie,Koe no katachi,0,2016,\N,130,"Animation,Drama"
tt5362988,movie,Wind River,Wind River,0,2017,\N,107,"Crime,Drama,Mystery"
tt5442430,movie,Life,Life,0,2017,\N,104,"Horror,Sci-Fi,Thriller"
tt5463162,movie,Deadpool 2,Deadpool 2,0,2018,\N,119,"Action,Adventure,Comedy"
tt5519340,movie,Bright,Bright,0,2017,\N,117,"Action,Fantasy,Thriller"
tt5537002,movie,Killers of the Flower Moon,Killers of the Flower Moon,0,2023,\N,206,"Crime,Drama,History"
tt5571734,movie,Pink,Pink,0,2016,\N,136,"Crime,Drama,Thriller"
tt5580036,movie,"I, Tonya","I, Tonya",0,2017,\N,119,"Biography,Comedy,Drama"
tt5580390,movie,The Shape of Water,The Shape of Water,0,2017,\N,123,"Drama,Fantasy,Romance"
tt5606664,movie,Doctor Sleep,Doctor Sleep,0,2019,\N,152,"Drama,Fantasy,Horror"
tt5700672,movie,Train to Busan,Busanhaeng,0,2016,\N,118,"Action,Horror,Thriller"
tt5726616,movie,Call Me by Your Name,Call Me by Your Name,0,2017,\N,132,"Drama,Romance"
tt5727208,movie,Uncut Gems,Uncut Gems,0,2019,\N,135,"Crime,Drama,Thriller"
tt6105098,movie,The Lion King,The Lion King,0,2019,\N,118,"Adventure,Animation,Drama"
tt6139732,movie,Aladdin,Aladdin,0,2019,\N,128,"Adventure,Comedy,Family"
tt6146586,movie,John Wick: Chapter 3 - Parabellum,John Wick: Chapter 3 - Parabellum,0,2019,\N,130,"Action,Crime,Thriller"
tt6148156,movie,Vikram Vedha,Vikram Vedha,0,2017,\N,147,"Action,Crime,Drama"
tt6264654,movie,Free Guy,Free Guy,0,2021,\N,115,"Action,Adventure,Comedy"
tt6316138,movie,Ayla: The Daughter of War,Ayla: The Daughter of War,0,2017,\N,125,"Biography,Drama,History"
tt6320628,movie,Spider-Man: Far from Home,Spider-Man: Far from Home,0,2019,\N,129,"Action,Adventure,Comedy"
tt6334354,movie,The Suicide Squad,The Suicide Squad,0,2021,\N,132,"Action,Adventure,Comedy"
tt6443346,movie,Black Adam,Black Adam,0,2022,\N,125,"Action,Adventure,Fantasy"
tt6499752,movie,Upgrade,Upgrade,0,2018,\N,100,"Action,Sci-Fi,Thriller"
tt6565702,movie,Dark Phoenix,Dark Phoenix,0,2019,\N,113,"Action,Adventure,Sci-Fi"
tt6628102,movie,The Wild Pear Tree,Ahlat Agaci,0,2018,\N,188,Drama
tt6644200,movie,A Quiet Place,A Quiet Place,0,2018,\N,90,"Drama,Horror,Sci-Fi"
tt6710474,movie,Everything Everywhere All at Once,Everything Everywhere All at Once,0,2022,\N,139,"Action,Adventure,Comedy"
tt6718170,movie,The Super Mario Bros. Movie,The Super Mario Bros. Movie,0,2023,\N,92,"Adventure,Animation,Comedy"
tt6723592,movie,Tenet,Tenet,0,2020,\N,150,"Action,Sci-Fi,Thriller"
tt6751668,movie,Parasite,Gisaengchung,0,2019,\N,132,"Drama,Thriller"
tt6791350,movie,Guardians of the Galaxy Vol. 3,Guardians of the Galaxy Vol. 3,0,2023,\N,150,"Action,Adventure,Comedy"
tt6806448,movie,Fast & Furious Presents: Hobbs & Shaw,Fast & Furious Presents: Hobbs & Shaw,0,2019,\N,137,"Action,Adventure,Thriller"
tt6823368,movie,Glass,Glass,0,2019,\N,129,"Drama,Horror,Sci-Fi"
tt6857112,movie,Us,Us,0,2019,\N,116,"Horror,Mystery,Thriller"
tt6966692,movie,Green Book,Green Book,0,2018,\N,130,"Biography,Comedy,Drama"
tt7019842,movie,96,96,0,2018,\N,158,"Drama,Romance"
tt7060344,movie,Raatchasan,Ratsasan,0,2018,\N,170,"Action,Crime,Drama"
tt7097896,movie,Venom: Let There Be Carnage,Venom: Let There Be Carnage,0,2021,\N,97,"Action,Sci-Fi,Thriller"
tt7126948,movie,Wonder Woman 1984,Wonder Woman 1984,0,2020,\N,151,"Action,Adventure,Fantasy"
tt7131622,movie,Once Upon a Time in Hollywood,Once Upon a Time in... Hollywood,0,2019,\N,161,"Comedy,Drama"
tt7286456,movie,Joker,Joker,0,2019,\N,122,"Crime,Drama,Thriller"
tt7349662,movie,BlacKkKlansman,BlacKkKlansman,0,2018,\N,135,"Biography,Comedy,Crime"
tt7349950,movie,It Chapter Two,It Chapter Two,0,2019,\N,169,"Drama,Fantasy,Horror"
tt7392212,movie,Rangasthalam 1985,Rangasthalam,0,2018,\N,170,"Action,Drama"
tt7466810,movie,777 Charlie,777 Charlie,0,2022,\N,164,"Adventure,Comedy,Drama"
tt7653254,movie,Marriage Story,Marriage Story,0,2019,\N,137,"Drama,Romance"
tt7713068,movie,Birds of Prey,Birds of Prey and the Fantabulous Emancipation of One Harley Quinn,0,2020,\N,109,"Action,Comedy,Crime"
tt7784604,movie,Hereditary,Hereditary,0,2018,\N,127,"Drama,Horror,Mystery"
tt7838252,movie,K.G.F: Chapter 1,K.G.F: Chapter 1,0,2018,\N,154,"Action,Crime,Drama"
tt7846844,movie,Enola Holmes,Enola Holmes,0,2020,\N,123,"Action,Adventure,Crime"
tt7888964,movie,Nobody,Nobody,0,2021,\N,92,"Action,Crime,Drama"
tt7975244,movie,Jumanji: The Next Level,Jumanji: The Next Level,0,2019,\N,123,"Action,Adventure,Comedy"
tt7984734,movie,The Lighthouse,The Lighthouse,0,2019,\N,109,"Drama,Fantasy,Horror"
tt7991608,movie,Red Notice,Red Notice,0,2021,\N,118,"Action,Comedy,Thriller"
tt8108198,movie,Andhadhun,Andhadhun,0,2018,\N,139,"Crime,Mystery,Thriller"
tt8228288,movie,The Platform,El hoyo,0,2019,\N,94,"Horror,Sci-Fi,Thriller"
tt8239946,movie,Tumbbad,Tumbbad,0,2018,\N,104,"Drama,Fantasy,Horror"
tt8267604,movie,Capernaum,Capharnaüm,0,2018,\N,126,Drama
tt8291224,movie,Uri: The Surgical Strike,Uri: The Surgical Strike,0,2019,\N,138,"Action,Drama,History"
tt8332922,movie,A Quiet Place Part II,A Quiet Place Part II,0,2020,\N,97,"Drama,Horror,Sci-Fi"
tt8367814,movie,The Gentlemen,The Gentlemen,0,2019,\N,113,"Action,Crime"
tt8503618,movie,Hamilton,Hamilton,0,2020,\N,160,"Biography,Drama,History"
tt8579674,movie,1917,1917,0,2019,\N,119,"Action,Drama,War"
tt8613070,movie,Portrait of a Lady on Fire,Portrait de la jeune fille en feu,0,2019,\N,122,"Drama,Romance"
tt8633462,movie,"Quo Vadis, Aida?","Quo vadis, Aida?",0,2020,\N,101,"Drama,History,War"
tt8772262,movie,Midsommar,Midsommar,0,2019,\N,148,"Drama,Horror,Mystery"
tt8936646,movie,Extraction,Extraction,0,2020,\N,116,"Action,Thriller"
tt8946378,movie,Knives Out,Knives Out,0,2019,\N,130,"Comedy,Crime,Drama"
tt9032400,movie,Eternals,Eternals,0,2021,\N,156,"Action,Adventure,Fantasy"
tt9052870,movie,Chhichhore,Chhichhore,0,2019,\N,143,"Comedy,Drama,Romance"
tt9114286,movie,Black Panther: Wakanda Forever,Black Panther: Wakanda Forever,0,2022,\N,161,"Action,Adventure,Drama"
tt9179430,movie,Vikram,Vikram,0,2022,\N,175,"Action,Crime,Thriller"
tt9243946,movie,El Camino: A Breaking Bad Movie,El Camino: A Breaking Bad Movie,0,2019,\N,122,"Action,Crime,Drama"
tt9263550,movie,Rocketry: The Nambi Effect,Rocketry: The Nambi Effect,0,2022,\N,157,"Biography,Drama"
tt9362722,movie,Spider-Man: Across the Spider-Verse,Spider-Man: Across the Spider-Verse,0,2023,\N,140,"Action,Adventure,Animation"
tt9376612,movie,Shang-Chi and the Legend of the Ten Rings,Shang-Chi and the Legend of the Ten Rings,0,2021,\N,132,"Action,Adventure,Fantasy"
tt9419884,movie,Doctor Strange in the Multiverse of Madness,Doctor Strange in the Multiverse of Madness,0,2022,\N,126,"Action,Adventure,Fantasy"
tt9477520,movie,Asuran,Asuran,0,2019,\N,141,"Action,Drama"
tt9620292,movie,Promising Young Woman,Promising Young Woman,0,2020,\N,113,"Crime,Drama,Mystery"
tt9764362,movie,The Menu,The Menu,0,2022,\N,107,"Comedy,Horror,Thriller"
tt9777666,movie,The Tomorrow War,The Tomorrow War,0,2021,\N,138,"Action,Adventure,Drama"
tt9900782,movie,Kaithi,Kaithi,0,2019,\N,145,"Action,Adventure,Crime"
